:020000040800F2
:1000000000000220E58600082D1600082F160008C3
:1000100031160008331600083516000800000000ED
:10002000000000000000000000000000371600087B
:1000300039160008000000003B1600083D160008B5
:100040003987000839870008398700083987000890
:100050003987000839870008398700083987000880
:100060003987000839870008398700083987000870
:100070003987000839870008398700083987000860
:100080003987000839870008398700083987000850
:100090003987000839870008398700083987000840
:1000A0003987000839870008398700083987000830
:1000B0003987000839870008398700083987000820
:1000C0003987000839870008398700083987000810
:1000D0003987000839870008398700083987000800
:1000E000451600083987000800000000398700081D
:1000F00039870008398700083987000839870008E0
:1001000039870008398700083987000839870008CF
:1001100039870008398700083987000839870008BF
:1001200039870008398700083987000839870008AF
:10013000398700083987000839870008398700089F
:1001400000000000000000000000000000000000AF
:10015000398700083987000839870008398700087F
:10016000398700083987000839870008398700086F
:10017000398700083987000839870008398700085F
:10018000398700083987000839870008398700084F
:10019000398700083987000839870008398700083F
:1001A000398700083987000839870008398700082F
:1001B000398700083987000839870008398700081F
:1001C000398700083987000839870008398700080F
:1001D00039870008398700083987000839870008FF
:1001E00039870008398700083987000839870008EF
:1001F00039870008398700083987000839870008DF
:1002000039870008398700083987000839870008CE
:1002100039870008398700083987000839870008BE
:100220003987000839870008398700080000000076
:100230003987000839870008000000003987000866
:10024000398700083987000839870008398700088E
:10025000398700083987000839870008398700087E
:10026000398700083987000839870008398700086E
:100270003987000839870008398700080000000026
:100280003987000839870008398700080000000016
:0802900000000000398700089E
:1002A00001F0FF01102A2BDB10F0070F08D010F827
:1002B000013B013A8B422DD010F0070F42B3F6D12B
:1002C000F0B441EA012141EA014122F007047FF044
:1002D00000070023F0E80256083C85EA010586EA9B
:1002E000010685FA47F5A3FA87F586FA47F6A5FAD7
:1002F00087F68EB9EED1F0BC01F0FF0102F00702E3
:1003000032B110F8013B013A83EA010313B1F8D18D
:100310000020704701387047002D06BF354603386E
:10032000073815F0010F07D1013015F4807F02BFA7
:10033000013015F4C03F0130F0BC0138704700BFF8
:10034000034613F8012B002AFBD1181A0138704715
:1003500053B94AB9002908BF00281CBF4FF0FF312C
:100360004FF0FF3000F00CB8ADF1080C6DE904CE91
:100370000BF074FEDDF804E0DDE9022304B0704701
:10038000704700BF10B5054C237833B9044B13B147
:100390000448AFF300800123237010BDE00100206A
:1003A0000000000014C3000808B5034B1BB103494B
:1003B0000348AFF3008008BD00000000E401002006
:1003C00014C300082DE9F04F8FB009AD0024099443
:1003D0000A940B940C940D94634BD3F8E02042F0F4
:1003E0000402C3F8E020D3F8E02002F004020192F6
:1003F000019AD3F8E02042F02002C3F8E020D3F8BD
:10040000E02002F020020292029AD3F8E02042F0AB
:100410008002C3F8E020D3F8E02002F080020392CB
:10042000039AD3F8E02042F00102C3F8E020D3F8A9
:10043000E02002F001020492049AD3F8E02042F096
:100440000202C3F8E020D3F8E02002F00202059295
:10045000059AD3F8E02042F01002C3F8E020D3F868
:10046000E02002F010020692069AD3F8E02042F053
:100470000802C3F8E020D3F8E02002F00802079257
:10048000079AD3F8E02042F04002C3F8E020D3F806
:10049000E03003F040030893089BDFF8D4B0224615
:1004A0000621584605F0D6F8DFF8C8A0224649F2E2
:1004B0008051504605F0CEF8DFF8BC9022464FF44C
:1004C0004061484605F0C6F8284F224604213846C8
:1004D00005F0C0F822464FF4F051384605F0BAF85E
:1004E000DFF898802246FF21404605F0B3F8062346
:1004F000099301260A960B940C942946584604F059
:1005000089FF49F2805309930A960B940C9429466B
:10051000504604F07FFF4FF4406309930A960B9412
:100520000C942946484604F075FF042309930A9663
:100530000B940C942946384604F06CFF4FF4F053AA
:1005400009930A960B940C942946384604F062FFEE
:10055000FF2309930A960B940C942946404604F015
:1005600059FF0FB0BDE8F08F004402580018025840
:10057000001402580010025800040258000C0258DF
:1005800082B010B584B0CDE9000106A981E80C0065
:1005900000230393DDE9000106F0C1FF40F2EE20E5
:1005A00005F06EF903AADDE9000106F0CDFF9DED2F
:1005B000037AF2EE027A27EE277AF1EE046AC7EEAA
:1005C000267A9FED167A77EE877ACDED037A9FED46
:1005D000147AF4EEC77AF1EE10FA0BDCB7EEE77A94
:1005E00053EC172B0F4808F09FFD04B0BDE81040F6
:1005F00002B07047B7EEE77A53EC172B0A4808F0C1
:1006000093FD022106A807F0ECF842F2107005F005
:1006100037F906A807F020FAE7E700BF000000421C
:1006200000008C4270C300083CC3000810B586B0BF
:1006300002AC84E80300CDE900230023059394E88D
:10064000030006F06CFF40F2EE2005F019F905AA50
:1006500094E8030006F078FF9DED057AF2EE027A49
:1006600027EE277AF1EE046AC7EE267A9FED137A19
:1006700077EE877ACDED057A9FED117AF4EEC77AA1
:10068000F1EE10FA08DCB7EEE77A53EC172B0D48C1
:1006900008F04AFD06B010BDB7EEE77A53EC172B11
:1006A000094808F041FD684607F0C3FE42F21070A9
:1006B00005F0E6F8684607F0C0FEEBE700000042F0
:1006C00000008C4270C300083CC3000872B6FEE70D
:1006D00000B58BB00023079308930993009301930F
:1006E000029303930493059306931D481D4A0260E9
:1006F0004FF40022426008228260C360042202613B
:100700000375437501228261037743628362C3628A
:100710000363436380F83830C26302F045F8C8B918
:10072000079007A90E4802F067F9A8B90E4B00938D
:1007300006230193029040F2FF7203920422049276
:1007400005908DF819006946054801F099FB28B914
:100750000BB000BDFFF7BAFFFFF7B8FFFFF7B6FF1A
:10076000B0050020002002400800900C08B5134896
:10077000134B0360A3F13E53A3F57D23A3F56563FB
:100780004360002383600122C2600361436183618F
:10079000C361036205F098F850B90146074805F0B7
:1007A000F7F838B90146054805F01DF920B908BD2C
:1007B000FFF78CFFFFF78AFFFFF788FF9404002004
:1007C0000054004000B589B00023049305930693BC
:1007D000079301930293039312484FF08042026003
:1007E0007722426083604FF0FF32C2600361836111
:1007F00005F000FC80B94FF48053049304A9094824
:1008000005F04EFD50B90190039001A9054805F08F
:1008100095FE28B909B000BDFFF758FFFFF756FF56
:10082000FFF754FFFC03002010B59AB00024169483
:100830001794189419941394149415940C940D947B
:100840000E940F941094119412942C22214601A816
:1008500008F0A6FE3448354B03604460846041F2E2
:10086000BF23C36004614461846105F0C3FB0028B9
:1008700049D14FF48053169316A92B4805F010FD6B
:10088000002842D1284805F0E5FB00283FD113900D
:100890001490159013A9244805F050FE002838D173
:1008A00060230C930D900E900F9010901190129069
:1008B00004220CA91C4805F04BFC60BB08220CA9C3
:1008C000194805F045FC40BB0C220CA9164805F060
:1008D0003FFC20BB019002900390049005904FF4E0
:1008E00000520692079008904FF0007209920A9009
:1008F0000B9001A90C4805F073FE90B90A4801F06D
:1009000007F81AB010BDFFF7E1FEFFF7DFFEFFF7B3
:10091000DDFEFFF7DBFEFFF7D9FEFFF7D7FEFFF79F
:10092000D5FEFFF7D3FE00BF4804002000000140C1
:1009300000B589B0002301930293039304930593B8
:100940000693079319481A4A02604FF40022426046
:1009500008228260C360042202610375437501228C
:100960008261037743628362C3620363436380F8F7
:100970003830C26301F018FFA0B90E4B0193062373
:100980000293039040F2FF720492042205920690B3
:100990008DF81D000DEB0201044801F071FA18B941
:1009A00009B000BDFFF792FEFFF790FE4C05002056
:1009B000002102400004002A00B589B00023019301
:1009C0000293039304930593069307931748184AD9
:1009D00002608360C36004220261037543750122D3
:1009E0008261037743628362C3620363436380F877
:1009F0003830C26301F0D8FEA0B90E4B0193062334
:100A00000293039040F2FF72049204220592069032
:100A10008DF81D000DEB0201044801F031FA18B900
:100A200009B000BDFFF752FEFFF750FEE8040020BA
:100A3000006002580200300400B58FB000230A9312
:100A40000B930C930D9307930893099300930193D1
:100A5000029303930493059306932148214A02606D
:100A60004360836041F2BF22C2600361836105F08D
:100A7000C1FA40BB4FF480530A930AA9184805F005
:100A80000FFC10BB164805F0E5FA00BB0790099073
:100A900007A9134805F052FDD8B960230093024618
:100AA00001900290049069460D4805F051FB90B901
:100AB0000C2269460A4805F04BFB70B9084800F063
:100AC00027FF0FB000BDFFF701FEFFF7FFFDFFF7A7
:100AD000FDFDFFF7FBFDFFF7F9FDFFF7F7FD00BF99
:100AE000B00300200004004000B58BB00023079342
:100AF000089309930093019302930393049305933E
:100B000006931548154A02604360836041F2BF2294
:100B1000C2600361836105F09DFAB0B90790099046
:100B200007A90D4805F00AFD88B960230093024625
:100B30000190029004906946074805F009FB40B90E
:100B4000054800F0E5FE0BB000BDFFF7BFFDFFF765
:100B5000BDFDFFF7BBFD00BF64030020000800409F
:100B600000B59DB04C22002109A808F019FD2022F3
:100B7000002101A808F014FD022004F071FD0023FB
:100B80000093244BDA6A22F00102DA62DB6A03F096
:100B900001030093204A936923F4404343F4004344
:100BA0009361936903F440430093009B1A4B9B6944
:100BB00013F4005FFAD00223099301220C92402221
:100BC0000D92129300221392042114910F2015907C
:100BD0001693179118930C2319931A921B9209A834
:100BE00001F0AEFF88B93F230193032302930390E2
:100BF000049005904022069207900890022101A8D7
:100C000002F0CEFB18B91DB000BDFFF75FFDFFF786
:100C10005DFD00BF000400580048025830B5B1B077
:100C2000C0252A460021684608F0BAFC4FF400228D
:100C30000023CDE90023042302930A230393022314
:100C4000049305930693079520230893684602F0C2
:100C500035FE08B931B030BDFFF738FD2DE9F04F52
:100C6000C3B004F0CBFDFFF77BFFFFF7D7FFFFF723
:100C7000A9FBFFF72DFDFFF779FDFFF7A3FDFFF7B8
:100C8000D3FDFFF755FEFFF797FEFFF7D5FEFFF701
:100C90002BFFA74EA74D02223146284606F060FBE7
:100CA000A54C04223146204606F05AFBDFF8FC82B0
:100CB00040F2EE2395E80600404606F059FBDFF8C7
:100CC000F09240F2EE2394E80600484606F050FB0E
:100CD0009A4C0C229A49204606F07EFD994D00223E
:100CE0009949284606F078FD984B0422984999487E
:100CF00006F088FFDFF8BCA24FF480729649504698
:100D000007F094FB954E20AF9549384606F0E0FC7D
:100D100070223946304608F0DEFC924F0DF1080B88
:100D20009149584606F0C6FE74225946384608F0E6
:100D3000D2FC384606F08CFF304607F015FA8B4B94
:100D40005C611D61C3F80080C3F80490002128464F
:100D500006F047FD284606F07FFE0021204606F0FB
:100D600040FD204606F078FE07F0C6F9642007F043
:100D7000A7F90097334652462946204607F080FBE4
:100D8000002000F08DFE012000F08AFE022000F01D
:100D900087FE0121002000F0D5FE75494FF4E133B4
:100DA0000B600020486008814881888100F038FF8E
:100DB00008B1FFF78BFC4FF0FF334093419041A9FE
:100DC00040A807F021FC002800F0EA82409806F0D5
:100DD000F9FC0346002800F0E382664A106041995E
:100DE00001B90121644A1160184607F085FBD7E27A
:100DF000624808F003FA642007F062F9CCE2604828
:100E000008F0FCF9002007F05BF9C5E25D4808F046
:100E1000F5F9642007F040F9642007F047F9BBE2D8
:100E2000594808F0EBF9002007F036F9002007F0E8
:100E30003DF9B1E2554808F0E1F9642007F022F9E4
:100E4000AAE2534808F0DAF9002007F01BF9A3E200
:100E5000424D284606F0AAFC424C204606F083FE8E
:100E6000D5ED1A6A94ED1A7AB7EEC77A8DED007B4C
:100E7000B7EEE67A53EC172B464808F055F98BE2AB
:100E8000344806F0C8FE40F6B733984203D84248CB
:100E900008F0B4F980E2414808F0B0F97CE2264C51
:100EA00094E8030006F03BFB40F2EE2004F0E8FC7F
:100EB0003FAA94E8030006F047FB9DED3F7AF2EE6F
:100EC000027A27EE277AF1EE046AC7EE267A9FEDC2
:100ED000347A77EE877AB7EEE77A53EC172B3148FE
:100EE00008F022F958E2134C94E8030006F017FBCF
:100EF00040F2EE2004F0C4FC3FAA94E8030006F0A0
:100F000023FB9DED3F7AF2EE027A27EE277AF1EE8F
:100F1000046AC7EE267A9FED227A77EE877AB7EEDB
:100F2000E77A53EC172B204808F0FEF834E200BFB4
:100F3000001402585C03002054030020200300200A
:100F40004804002014030020B0030020E80400201F
:100F500000180258040200200010025884020020E9
:100F6000ACC3000810020020B0C30008F402002047
:100F700014060020EC060020000A002014C8000817
:100F800024C8000838C8000848C8000858C8000825
:100F900068C8000878C800088CC80008A4C8000801
:100FA00000000042B8C80008D0C800084003002074
:100FB0002C030020FC010020A84B1C68002C52D000
:100FC000A74B196801B90121204606F029FB054607
:100FD00000238DF8F7308DF800318DF8043141ABE6
:100FE000009340AB0DF1F7020146204606F03DFBB1
:100FF00021469C4808F098F8A26A994B19689A48CB
:1010000008F092F8284606F0FFFA0146974808F0E3
:101010008BF8A18D964808F087F8D4ED086A94ED16
:10102000097AB7EEC77A8DED007BB7EEE67A53EC1E
:10103000172B904808F078F894F82E109DF804319A
:1010400000939DF8F7309DF800218B4808F06CF86C
:1010500007F0A2FA044607F0A5FA0246214687489F
:1010600008F062F898E107F0A3FA04460028A7D137
:10107000834808F0C3F88FE14FF0FF33409300231B
:10108000419341A940A807F0BFFA18B97D4808F07C
:10109000B5F881E1409806F095FB044640997A48FE
:1010A00008F042F84199794808F03EF8A4B1214689
:1010B000774808F039F8A16A764808F035F8419980
:1010C00001B90121204606F0ABFA06F09DFA01466F
:1010D000714808F029F85FE1704808F08FF85BE18B
:1010E0006F4808F08BF8002407E0836A818D009137
:1010F00021466C4808F018F80134204606F062FBDF
:1011000002460028F1D147E14FF0FF334193664892
:1011100008F00AF8654B1868002302221946406857
:1011200008F086F841A9624808F070F8614808F0B4
:1011300065F8419806F046FB044610B1419B002B30
:1011400003DA5D4808F05AF826E1444B1860444D34
:101150000121296007F0D0F92968419807F07CFA4D
:101160002A682146554807F0DFFF15E1544808F08A
:1011700045F80321534806F034FB0321524806F09A
:1011800030FB09E1514808F039F84E4806F064FC9C
:101190004D4806F061FCFFE04D4808F02FF84D483F
:1011A00007F047F9F8E04C4808F028F8494807F0FC
:1011B00044F9F1E0494808F021F8494B4FF48052D6
:1011C0009A61E9E0474808F019F8454B4FF0805222
:1011D0009A61E1E0444808F011F8414B4FF4806215
:1011E0009A61D9E0414808F009F83D4B4FF0806220
:1011F0009A61D1E03E4808F001F83E4B4FF480621E
:101200009A61C9E03C4807F0F9FF3A4B4FF0806221
:101210009A61C1E0394807F0F1FF314B4FF40042C9
:101220009A61B9E0364807F0E9FF2D4B4FF00042D4
:101230009A61B1E0334807F0E1FF2E4B4FF40062B2
:101240009A61A9E0304807F0D9FF2A4B4FF00062BD
:101250009A61A1E02D4807F0D1FF5EE0EC06002086
:10126000000A0020F8C8000804C900081CC90008CA
:1012700028C9000840C9000868C9000884C90008D6
:10128000E4C80008ACC90008CCC90008E8C90008D7
:1012900004CA00081CCA000838CA00084CCA000862
:1012A00070CA000884CA0008ACCA000824000020E4
:1012B00010C80008A8CA0008C0CA0008D8CA000898
:1012C00004CB0008200300201403002010CB0008EA
:1012D0001CCB0008FC01002028CB000834CB000800
:1012E0000010025844CB000854CB000868CB00081B
:1012F0007CCB00080004025890CB0008A8CB000863
:10130000BCCB0008D4CB0008E8CB0008FCCB00081D
:1013100006F0D6FF904806F0E5FF06F019FF042816
:10132000F6D1002006F01AFF36E08C4807F066FF81
:101330008B4806F018FC04E006F024FD884806F00F
:101340002DFD874BD3ED1A7A9FED867AF4EEC77A9E
:10135000F1EE10FAF0D49FED847AF4EEC77AF1EE54
:1013600010FAE9DC18E0814807F048FF804B81491A
:101370009A6800920CCB03C9FFF702F90CE07E4893
:1013800007F03CFF7D4B7E490CCB03C9FFF74EF9BC
:1013900002E07C4807F032FF4FF47A7004F070FAF4
:1013A00000243E9400233F93774807F027FF7748B7
:1013B00007F024FF764807F021FF764807F01EFF6C
:1013C000754807F01BFF754807F018FF744807F0D1
:1013D00015FF744807F012FF734807F00FFF7348BA
:1013E00007F00CFF724807F009FF724807F006FF8C
:1013F000714807F003FF714807F000FF704807F0DD
:10140000FDFE704807F0FAFE6F4807F0F7FE6F48E0
:1014100007F0F4FE6E4807F0F1FE6E4807F0EEFEAE
:101420006D4807F0EBFE6D4807F0E8FE6C4807F0EA
:10143000E5FE6C4807F0E2FE6B4807F0DFFE6B4804
:1014400007F0DCFE6A4807F0D9FE6A4807F0D6FECE
:10145000694807F0D3FE694807F0D0FE684807F0F6
:10146000CDFE684807F0CAFE674807F0C7FE674828
:1014700007F0C4FE664807F0C1FE664807F0BEFEEE
:10148000654807F0BBFE654807F0B8FE644B186876
:10149000234602222146406807F0CAFE3EA9614861
:1014A00007F0B4FE604807F0A9FE3E9B013B262BE7
:1014B0003FF66FAF01A252F823F000BFF10D000814
:1014C000FF0D00080D0E0008210E0008350E000863
:1014D000430E0008931300089313000893130008A9
:1014E000510E0008810E00089F0E0008E70E00084C
:1014F000B90F000879100008E11000080911000870
:1015000093130008931300086D110008851100085B
:1015100099110008A71100089313000893130008FD
:10152000B5110008C5110008D5110008E511000823
:10153000F511000805120008151200082512000810
:101540003512000845120008551200082B13000838
:10155000671300087F130008840200201CCC0008D9
:10156000100200209A99B9406666C64038CC00083F
:10157000200300205403002068CC0008FC01002058
:101580005C03002098CC0008B4C30008D0C3000856
:10159000E0C30008FCC3000818C4000830C40008F9
:1015A0004CC4000868C4000884C40008A0C4000833
:1015B000B8C40008D0C40008F4C4000814C500086A
:1015C00024C5000844C500086CC5000888C500088B
:1015D000BCC50008DCC50008F0C5000804C600084A
:1015E0001CC6000834C6000850C600086CC60008B7
:1015F00088C60008A4C60008C4C60008E4C60008DF
:1016000004C7000824C7000844C7000864C70008CE
:1016100074C7000894C70008B0C70008E0C70008F6
:101620002400002010C80008A8CA0008FEE7FEE752
:10163000FEE7FEE7FEE770477047704708B504F025
:101640000DF908BD08B5002000F0C2FA08BD000081
:1016500082B0074BD3F8F42042F00202C3F8F42022
:10166000D3F8F43003F002030193019B02B07047FA
:101670000044025810B58CB00023079308930993D7
:101680000A930B930368494A934207D0484A93420E
:101690002ED0484A93426AD00CB010BD464A136817
:1016A00001331360012B15D0444BD3F8E02042F0F6
:1016B0000102C3F8E020D3F8E03003F00103019306
:1016C000019B402307930323089307A93C4803F099
:1016D000A1FEE1E7394BD3F8D82042F02002C3F84D
:1016E000D820D3F8D83003F020030093009BDBE729
:1016F000314A136801331360012B2AD02F4BD3F8E2
:10170000E02042F00402C3F8E020D3F8E02002F029
:1017100004020392039AD3F8E02042F00102C3F8D6
:10172000E020D3F8E03003F001030493049B01238D
:1017300007930324089407A9224803F06BFE0823AB
:10174000079308940023099307A91D4803F062FE3C
:10175000A2E71A4BD3F8D82042F02002C3F8D820D1
:10176000D3F8D83003F020030293029BC6E7134B53
:10177000D3F8E02042F08072C3F8E020D3F8E020F4
:1017800002F080720592059AD3F8E02042F004023C
:10179000C3F8E020D3F8E03003F004030693069B7F
:1017A0004FF00061084604F085F875E7002002401C
:1017B0000021024000600258240600200044025824
:1017C000000002580008025810B5B8B004460021C5
:1017D00033913491359136913791C02202A807F0A8
:1017E000DFFE22681B4B9A4201D038B010BD0822A0
:1017F0000023CDE9022302A802F060F838BB164CA2
:10180000D4F8E03043F00203C4F8E030D4F8E0301C
:1018100003F002030093009B4FF4407333931223B1
:1018200034930023359336930423379333A90B481D
:1018300003F0F0FDD4F8E83043F40013C4F8E830C6
:10184000D4F8E83003F400130193019BCDE7FEF7D1
:101850003DFFD4E700540040004402580004025801
:1018600084B003681A4A934207D0B3F1804F12D074
:10187000184A93421DD004B07047174BD3F8F0209C
:1018800042F00102C3F8F020D3F8F03003F0010376
:101890000193019BEFE7104BD3F8E82042F00102DF
:1018A000C3F8E820D3F8E83003F001030293029B69
:1018B000E1E7094BD3F8E82042F00202C3F8E82040
:1018C000D3F8E83003F002030393039BD3E700BF90
:1018D00000000140000400400044025802680A4B26
:1018E0009A4200D0704782B0084BD3F8E82042F00B
:1018F0000402C3F8E820D3F8E83003F004030193AE
:10190000019B02B0704700BF00080040004402582D
:1019100030B589B00023039304930593069307938E
:101920000368354A934207D0344A93422AD0344A56
:10193000934249D009B030BD324BD3F8E02042F099
:101940001002C3F8E020D3F8E03003F01003009356
:10195000009B4FF420530393022404940125079520
:1019600003A9294803F056FD4FF480430393122343
:101970000493059400230693079503A9224803F0D6
:1019800049FDD7E71F4BD3F8E02042F00202C3F82D
:10199000E020D3F8E03003F002030193019B02241E
:1019A00003940494079403A9184803F033FD10230B
:1019B000039312230493059400230693079403A929
:1019C000124803F027FDB5E70E4BD3F8E02042F0B4
:1019D0000802C3F8E020D3F8E03003F008030293D4
:1019E000029B4FF48053039302230493079303A9AC
:1019F000074803F00FFD9DE7000001400004004090
:101A00000008004000440258001002580004025828
:101A1000000C0258F0B589B01F4BD3F8E02042F01B
:101A20000802C3F8E020D3F8E02002F00802009298
:101A3000009AD3F8E02042F00802C3F8E020D3F87F
:101A4000E02002F008020192019AD3F8E82042F463
:101A50008022C3F8E820D3F8E83003F4802302930F
:101A6000029B4FF480730393022404940694012391
:101A700005930727079703AE084D3146284603F024
:101A8000C9FC4FF40073039304940797314628462A
:101A900003F0C0FC09B0F0BD00440258000C02582D
:101AA000022846D870B588B028BB234BD3F8E02075
:101AB00042F00202C3F8E020D3F8E03003F0020362
:101AC0000093009B1D4B33F8106003960123049391
:101AD0000024059403230693194B53F8205003A9BF
:101AE000284603F097FC22463146284603F0B2FD13
:101AF000204608B070BD01280DD00F4BD3F8E02070
:101B000042F00202C3F8E020D3F8E03003F0020311
:101B10000293029BD6E7084BD3F8E02042F0100274
:101B2000C3F8E020D3F8E03003F010030193019BE9
:101B3000C8E76FF00100704700440258F8CE000873
:101B400000CF000810B586B01C4BD3F8E02042F05F
:101B50000402C3F8E020D3F8E03003F0040300935C
:101B6000009B4FF40053019302230393049339B96C
:101B7000029101A9124803F04DFC002006B010BDEF
:101B800004464FF48813029301A90D4803F042FC68
:101B90000C4B03EBC4031C460B49184603F053FFE0
:101BA0000A4A0021204603F047FF00220F21282087
:101BB00003F0D6FD282003F0E3FDDEE700440258E1
:101BC00000080258C00600200D003016E71B000870
:101BD00008B5034B03EBC00003F03BFF08BD00BF9B
:101BE000C0060020704708B50020FFF7FBFF08BDC6
:101BF00008B50A4A126802600A6842600C22426113
:101C00004A8902614A6882600A89C2608A8982615F
:101C10004FF40042C26105F08CFA08BD00000020BC
:101C200070B938B50D469422084C02FB004420469A
:101C3000FFF7F0FE29462046FFF7DAFF18B938BD56
:101C40006FF0010070476FF00300F8E72C060020EA
:101C500000B583B00190084B93F800C04FF47A733D
:101C6000012201A94FF0940E04480EFB0C0005F070
:101C700002F9019803B000BD280600202C060020C0
:101C8000F0B583B00D4F38780DF1070694250C4C54
:101C90004FF0FF330122314605FB004005F057F9B4
:101CA00038784FF47A730122314605FB004005F085
:101CB000E2F89DF8070003B0F0BD00BF2806002041
:101CC0002C06002000B50B0A9B0003F00C0300F16A
:101CD000300E5EF8030001F01F014FF01F0C0CFAEC
:101CE00001FC20EA0C0CC2F384628A404CEA020236
:101CF0004EF8032000BD00B54B0E9B0003F004031B
:101D000000F1140E5EF80300C1F304514FF0070C0C
:101D10000CFA01FC20EA0C0C8A404CEA02024EF854
:101D2000032000BDC1F313033BB9C1F38461012259
:101D30008A40C3691343C361704791FAA1F131B17D
:101D4000B1FA81F101F01F0101228A40F1E720215F
:101D5000F8E700002DE9F04104460E4603684349C8
:101D6000434A934218BF8B4233D102F50072976801
:101D700007F01F072569082D0CD0092F31D840F234
:101D80002121F94011F0010F2BD0DB6813F0010F76
:101D900021D1042503F06EFD804623681A682A428B
:101DA00028D1B6F1FF3FF8D003F064FD4346C01AD6
:101DB000B04201D8002EF0D123681B682B42ECD131
:101DC000636D43F004036365002384F850300320FF
:101DD00049E0284ACBE7636D43F0200363650120A7
:101DE00041E0936813F4404FD3D0636D43F0200378
:101DF0006365F4E7626D42F400726265DA6812F4BA
:101E0000406F11D1627D7AB91A6812F0080F0BD0B9
:101E1000626D22F480726265626D12F4805F03D19C
:101E2000626D42F001026265114A934213D01A4674
:101E3000934207D0092F11D840F22121F94011F027
:101E4000010F0BD0DA68082D0AD012F4804F09D1A7
:101E50000C221A6006E0A2F58072E9E7D268F2E788
:101E600008221A600020BDE8F08100BF0020024077
:101E700000210240006302580368186C704700009C
:101E800070B582B00023019390F85030012B00F020
:101E9000F98104460D46012380F8503002689368AA
:101EA00013F0040F09D0436D43F020034365012074
:101EB000002384F8503002B070BD0B68002B0ADBA1
:101EC000C3F3130100293DD1C3F384630121994079
:101ED000D3690B43D3612A6869682068FFF7F2FE73
:101EE0002068836813F004031E4601D001231E46B8
:101EF000836813F0080F00D186B32068816811F061
:101F000001011DD12B68D0F8C020C3F3130C22EAC5
:101F10000C02EE6806F0180EDFF8C8C22CFA0EFCB0
:101F200003EA0C03C3F313031343C0F8C030EA6899
:101F3000954B9A4200F0A3802B68002BC0F20281DF
:101F40000020B5E793FAA3F333B1B3FA83F303F0B8
:101F50001F0301219940BBE72023F8E7AA682968FD
:101F6000FFF7C9FE894B1B6803F07043B3F1805F34
:101F70000BD02268D36813F0100F3CD16B69D26884
:101F8000C2F382025200934006E06B692268D26875
:101F9000C2F3820252009340296904293AD0226890
:101FA000286802F1600C5CF8212002F0004200F089
:101FB000F840034313434CF82130236828696A7EB4
:101FC000012A20D03246603353F8201021F000411E
:101FD0000A4343F82020206829692B7E012B15D065
:101FE000026922F4F04201F01F03314699400B468A
:101FF0001343036181E76B69D268920802F004021F
:1020000052009340C8E74FF00042DCE74FF4006312
:102010001E46E5E72268136E03F0F8432968B3EB28
:10202000816F1DD02268536E03F0F8432968B3EB2B
:10203000816F1AD02268936E03F0F8432968B3EBDE
:10204000816F17D02268D36E03F0F8432968B3EB91
:10205000816F7FF452AFD36E23F00043D3664CE719
:10206000136E23F000431366DCE7536E23F0004346
:102070005366DFE7936E23F000439366E2E7206840
:10208000434B984205D0434B984233D0FFF74AFE6A
:1020900052E72B68404A93421CD0404A93421BD0DF
:1020A0003F4A93421AD03F4A934219D03E4A934244
:1020B00018D03E4A934217D03D4A934216D03D4A2B
:1020C000934215D03C4A93423AD03C4A9342DDD1E8
:1020D0003B49DBE70121D9E73A49D7E73A49D5E758
:1020E0003A49D3E73A49D1E73149CFE73149CDE71A
:1020F0003849CBE72B68284A9342EBD0274A9342D2
:10210000EAD0274A9342E9D0264A9342E8D002F126
:10211000866210329342E5D0244A9342E4D002F121
:10212000042202F540129342E0D002F1866202F5E9
:1021300000629342DCD0214A9342A7D12049A5E70F
:102140002549A3E7226812491248824218BF8A42F1
:102150000CBF0121002115D1204DA86800F0E07EC0
:10216000002941D00A49896801F0010C09498968B0
:1021700001F0010151EA0C013BD0636D43F02003F3
:10218000636594E6164DE8E70000FF470010005C29
:1021900000200240002102400200300404006008D8
:1021A0000800900C1000C0102000F0140004002A59
:1021B0000008302E00106032000021430000844BE4
:1021C0000000B84F400020198000501D0001802100
:1021D0000002B02500209036000052470023024044
:1021E00000630258FFFF0F002749896811F0010FB3
:1021F000C3D126498B4216D025498B4233D025497D
:102200008B427FF49DAE10F4800F7FF499AE1E4B8D
:102210009A427FF495AE4EF48003AA6822F0E072F1
:102220001343AB608CE610F4000FE5D1164B9A42D5
:102230007FF486AE4EF40003AA6822F0E0721343E6
:10224000AB60154B1B689B09144AA2FB03239B0937
:1022500001335B00019302E0019B013B0193019B71
:10226000002BF9D16CE610F0807FC8D1064B9A4262
:102270007FF466AE4EF08073AA6822F0E0721343DA
:10228000AB605DE6022016E600600258000084CBD9
:10229000000052C70000B8CF10000020632D3E059B
:1022A00070B504460268936813F0040300D001235C
:1022B000906810F0080F01D1002B6BD0D36813F099
:1022C000007F02D0637D012B44D0022912D0236805
:1022D0009A6812F0040F0BD09A6812F0020F07D11F
:1022E0009A6822F0004222F03F0242F010029A6007
:1022F000012949D023689A6812F0080F0BD09A6818
:1023000012F0020F07D19A6822F0004222F03F0239
:1023100042F020029A60022938D0032938D10C25D6
:1023200003F0A8FA064623689B682B4232D003F0DC
:10233000A1FA801B0528F6D923689B682B42F2D0AE
:10234000636D43F010036365A36D43F00103A36560
:10235000012020E0207D0128B7D10023116811F071
:10236000400F0DD10C498B4201D80133F6E7636D64
:1023700043F010036365A36D43F00103A3650AE016
:10238000402313600121A2E70425C9E70825C7E718
:102390000425C5E7002070BDFFDB0C0038B50368DD
:1023A0009A6812F0010F2CD1044699682A4A11420A
:1023B00009D0436D43F010034365836D43F001037F
:1023C000836501201EE09A6822F0004222F03F025D
:1023D00042F001029A6003F04DFA054623681F4956
:1023E0001F4A934218BF8B420DD102F500729268CA
:1023F00002F01F021A498B4207D01946994207D0B2
:1024000032B1002038BD174AF1E7A1F58071F5E738
:1024100023681A6812F0010FF3D19A6812F0010FC5
:1024200007D19A6822F0004222F03F0242F00102F6
:102430009A6003F01FFA401B0228E9D923681B6841
:1024400013F0010FE4D1636D43F010036365A36DD6
:1024500043F00103A365B4E73F0000800020024081
:10246000002102400063025838B5044603683F4922
:102470003F4A934218BF8B4258D102F500729268CE
:1024800002F01F0215469B6813F0040F50D194F818
:102490005030012B4CD0012384F850302046FFF7F8
:1024A0007DFF00285ED1636D23F4706323F0010388
:1024B00043F48073636523682D4A93423AD01A46E9
:1024C000934200D01DB9626D22F480126265626D84
:1024D00012F4805F31D0A26D22F00602A2651C22A8
:1024E0001A60002384F850302368214A934227D091
:1024F0001A46934207D0092D25D840F22121E94000
:1025000011F0010F1FD0DA6812F0007F05D0626D64
:1025100022F4405242F4805262659A6822F00042EE
:1025200022F03F0242F004029A6002E0114AA6E75C
:10253000022038BDA2F58072C2E70022A265CEE774
:10254000A2F58072D5E7636D43F480136365D368A9
:1025500013F0007FEDD0636D23F4405343F48053B8
:102560006365E6E7002384F85030E2E7002002408C
:10257000002102400063025838B50446026893689F
:1025800013F0020300D00123916811F0010F00D075
:102590000BB1002038BD936803F00D03012B09D067
:1025A000636D43F010036365A36D43F00103A365FE
:1025B0000120EFE7936823F0004323F03F0343F04B
:1025C00002039360236803221A6003F053F905465F
:1025D00023689B6813F0010FDBD003F04BF9401B1D
:1025E0000228F5D923689B6813F0010FF0D0636DC2
:1025F00043F010036365A36D43F00103A365D7E7C0
:1026000090F85030012B1AD010B50446012380F801
:1026100050300321FFF744FE18B1002384F85030F6
:1026200010BD2046FFF7A8FF0028F6D1636D23F404
:10263000885323F0010343F001036365EDE70220B3
:102640007047000038B5054603684F494F4A93422A
:1026500018BF8B4226D14E4B9B6813F4403F14BFEA
:102660000123002343B300F0DBFF04466B68B3F59E
:10267000003F05D0B3F5403F1CD0B3F5803F02D1F9
:102680001B0CB4FBF3F403F00FF941F2030398427F
:1026900053D8404B9C424AD92A68936843F48073CC
:1026A000936038BD3C4B9B6813F4403F14BF01233B
:1026B0000023D7E78408E6E74FF40020002102F06A
:1026C00045F904466B68B3F5101F2CD021D8B3F53B
:1026D000E01F26D004D9B3F5001FD4D14409D2E7B6
:1026E000B3F5801F10D009D8B3F5002F0CD0B3F587
:1026F000402F09D0B3F5802F06D0C4E7B3F5A01F53
:1027000002D0B3F5C01FBED19B0C5B00B4FBF3F449
:10271000B9E7B3F5201F08D0B3F5301FB3D1040AD1
:10272000B1E70409AFE78409ADE7C409ABE72A685C
:10273000936823F480739360B3E76208174BB3EB9D
:10274000540F05D32A68936823F440739360A8E775
:10275000134B9A4207D82A68936823F4407343F4D2
:10276000807393609DE70F4B9A4207D82A6893685D
:1027700023F4407343F40073936092E72A689368EC
:1027800043F4407393608CE7002002400021024034
:1027900000230240002D310100630258105E5F00EB
:1027A00020BCBE0040787D0130B583B0002301938A
:1027B000002800F00A810446436D0BB323689A6831
:1027C00012F0005F05D09A6822F0204222F03F020A
:1027D0009A602268936813F0805F1ED1936823F09B
:1027E000104323F03F0343F080539360794B1B6801
:1027F0009B09794AA2FB03239B090133019309E05A
:10280000FEF738FF0023A36584F85030D6E7019B1C
:10281000013B0193019B002BF9D12268936813F0CF
:10282000805F40F09880636D43F010036365A36D93
:1028300043F00103A36501231D46936813F00403CD
:1028400000D00123616D11F0100F40F0BA80002B11
:1028500040F0B780636D23F4817343F00203636536
:10286000936813F0010F1CD15C495D4B9A4218BF6D
:102870008A420CBF0122002270D10B46896801F008
:10288000010103F580739B6803F001030B4308D13A
:10289000002A69D0534963688A6822F47C12134382
:1028A0008B6003F001F841F20303984202D9A36858
:1028B000102B5BD0627D236B43EA4233A268134343
:1028C000227F43EA0243227F012A5AD0626A22B160
:1028D00002F47872A16A0A4313432168C868424A25
:1028E00002401A43CA602268936813F0040300D0C0
:1028F0000123916811F0080F1ED1EBB9217DE36A25
:1029000043EA8131D36823F4804323F003030B436C
:10291000D36094F83830012B38D02268136923F043
:10292000010313612268136923F07043616B0B4349
:1029300013612046FFF786FEE368012B38D022683A
:10294000136B23F00F031363636D23F0030343F052
:10295000010363653BE000231D466EE7234B9B6844
:1029600013F0010F9DD193E7214994E7617D226B1C
:1029700042EA41321343227F43EA024343F00C030D
:10298000A1E7226A013A43EA42439FE720680269CD
:10299000184B1340E26B511E226C42EA0142616CFB
:1029A0000A43A16C0A43134343F001030361B9E7EF
:1029B00021680B6B23F00F03A269013A13430B63E9
:1029C000C2E7636D43F01003636501231D4628468B
:1029D00003B030BD10000020632D3E0500200240F2
:1029E000002102400023024003C0F0FF00600258B3
:1029F000006302581EF800FC90F85020012A00F0F5
:102A0000958010B59AB00346012280F8502000222C
:102A1000169217920068464A904244D000220192D2
:102A2000019A002A43D0926812F0040200D00122D9
:102A3000D0F808C01CF0040F6ED1002A6CD1DFF86A
:102A4000F0C03C4A904218BF604539D102F500728F
:102A5000086800283CD0906820F440404C6820432F
:102A600090601868DFF8C8E0DFF8C8C0604518BF9C
:102A7000704527D1DEF8080000F0010C2D48806871
:102A800000F0010050EA0C000BD1906820F4716056
:102A900020F00F00D1F800C089684CEA010108431A
:102AA000906000203DE002F580720192B8E75A6D17
:102AB00042F020025A65002283F85020012033E0C2
:102AC0001D4AC5E71D48806810F0010FE9D1DCE719
:102AD000916821F4404191601968DFF854C01548AD
:102AE000814218BF614511D1DCF8080000F00100F7
:102AF0000CF58071896801F001010143D1D1916821
:102B000021F4716121F00F019160CAE70B498968D6
:102B100011F0010FC5D1F2E75A6D42F020025A655B
:102B20000120002283F850201AB010BD0220704707
:102B30000020024000210240006302580060025859
:102B4000002800F02F8338B50446036813F0010F06
:102B500026D0924A136903F03803926A102B17D0DB
:102B6000182B11D06368B3F5803F3FD0002B52D1B2
:102B70008A4B1A6822F480321A601A6822F4802282
:102B80001A6038E001208BE002F00302022AE9D14A
:102B9000824B1B6813F4003F02D06368002BF1D016
:102BA000236813F0020F00F09D807C4A1369926A3B
:102BB00013F0380357D0182B52D0E368002B00F0E5
:102BC000D98076490A6822F0190213430B6002F09B
:102BD00051FE0546714B1B6813F0040F40F0A880AE
:102BE00002F048FE401B0228F4D958E06B4A1368F3
:102BF00043F480331360636823B302F03BFE054661
:102C0000664B1B6813F4003FCAD102F033FE401B31
:102C10006428F5D943E0B3F5A02F09D05F4B1A68BB
:102C200022F480321A601A6822F480221A60E2E7E5
:102C30005A4B1A6842F480221A601A6842F48032B1
:102C40001A60D8E702F016FE0546544B1B6813F4D1
:102C5000003FA5D002F00EFE401B6428F5D91EE00F
:102C600012F0030FA9D14D4B1B6813F0040F02D0D3
:102C7000E368002B86D0494A136823F01903E16802
:102C80000B43136002F0F6FD0546444B1B6813F03E
:102C9000040F06D102F0EEFD401B0228F5D90320F7
:102CA00038BD02F001FE41F20303984212D82269B6
:102CB000402A07D039494B6823F47C3343EA023376
:102CC0004B600FE0354A536823F47C3343F4003300
:102CD000536007E0314A536823F0FE43216943EA19
:102CE00001635360236813F0100F00F087802B4AB4
:102CF000136903F03803926A082B55D0182B4FD074
:102D0000E369002B00F0B680244A136843F0800387
:102D1000136002F0AFFD0546204B1B6813F4807F63
:102D200040F0868002F0A6FD401B0228F4D9B6E7E9
:102D300002F0BAFD41F20303984212D82269402AF8
:102D400007D016494B6823F47C3343EA02334B60C7
:102D5000C8E7124A536823F47C3343F400335360CA
:102D6000C0E70E4A536823F0FE43216943EA01633A
:102D70005360B7E7094A136823F00103136002F0B8
:102D800079FD0546054B1B6813F0040FAAD002F02D
:102D900071FD401B0228F5D981E700BF00440258AD
:102DA00002F00302012AABD19D4B1B6813F4807F14
:102DB00003D0E369802B7FF4E5AE02F075FD41F2AC
:102DC0000303984212D8226A202A07D094494B68FC
:102DD00023F0F84343EA82634B600FE0904A536864
:102DE00023F0F84343F08043536007E08C4AD368F4
:102DF00023F07C53216A43EA0163D360236813F014
:102E0000080F5DD06369002B47D0854A536F43F0AC
:102E10000103536702F02EFD0546814B5B6F13F0F3
:102E2000020F4DD102F026FD401B0228F5D936E7EE
:102E300002F03AFD41F20303984212D8226A202A96
:102E400007D077494B6823F0F84343EA82634B602D
:102E5000D4E7734A536823F0F84343F08043536048
:102E6000CCE76F4AD36823F07C53216A43EA0163BD
:102E7000D360C3E76A4A136823F08003136002F04B
:102E8000F9FC0546664B1B6813F4807FB6D002F050
:102E9000F1FC401B0228F5D901E7614A536F23F08A
:102EA0000103536702F0E6FC05465D4B5B6F13F0D0
:102EB000020F05D002F0DEFC401B0228F5D9EEE639
:102EC000236813F0200F27D0A36993B1544A1368E5
:102ED00043F48053136002F0CDFC0546504B1B6851
:102EE00013F4005F18D102F0C5FC401B0228F5D98D
:102EF000D5E64B4A136823F48053136002F0BAFC02
:102F00000546474B1B6813F4005F05D002F0B2FC86
:102F1000401B0228F5D9C2E6236813F0040F20D124
:102F2000636A002B00F023813D4A126902F03802E7
:102F3000182A00F0E780022B76D0394A136823F074
:102F40008073136002F096FC0446354B1B6813F047
:102F5000007F00F00C8102F08DFC001B0228F4D9E8
:102F60009DE6304A136843F48073136002F082FCDC
:102F700005462C4B1B6813F4807F05D102F07AFCC8
:102F8000401B6428F5D98AE6A368012B0AD003BB4D
:102F9000234B1A6F22F001021A671A6F22F0040203
:102FA0001A6704E01E4A136F43F001031367A36816
:102FB0002BB302F05FFC0546194B1B6F13F0020F99
:102FC000AED102F057FC401B41F288339842F3D94E
:102FD00065E6052B09D0124B1A6F22F001021A6721
:102FE0001A6F22F004021A67E1E70D4B1A6F42F0E4
:102FF00004021A671A6F42F001021A67D7E702F05B
:1030000039FC0546064B1B6F13F0020F88D002F007
:1030100031FC401B41F288339842F3D93FE600BFB0
:1030200000440258004802585F4A136823F0807336
:10303000136002F01FFC05465B4B1B6813F0007F1A
:1030400005D002F017FC401B0228F5D927E6564BA5
:103050009A6A22F47C7222F00302A16AE06A41EAD1
:1030600000110A439A62226B013AC2F30802616BB3
:103070000139490289B20A43A16B0139090401F4FB
:10308000FE010A43E16B0139090601F0FE410A43E2
:103090001A63DA6A22F00102DA625A6B6FF3CF0226
:1030A000A16C42EAC1025A63DA6A22F00C02216C76
:1030B0000A43DA62DA6A22F00202616C0A43DA62D7
:1030C000DA6A42F48032DA62DA6A42F40032DA62B0
:1030D000DA6A42F48022DA62DA6A42F00102DA62E3
:1030E0001A6842F080721A6002F0C4FB04462E4B4C
:1030F0001B6813F0007F3AD102F0BCFB001B0228D2
:10310000F5D9CCE5284A916A106B012B3FF43AAD12
:1031100001F00303A26A93427FF434ADC1F30511B9
:10312000E36A99427FF42EADC0F30802236B013BA2
:103130009A427FF427ADC0F34622636B013B9A426B
:103140007FF420ADC0F30642A36B013B9A427FF4AB
:1031500019ADC0F30660E36B013B98427FF412ADFA
:10316000114B5B6BC3F3CC03A26C9A4201D10020DC
:1031700096E50D4AD36A23F00103D36202F07AFB8D
:10318000054602F077FBA842FBD0074A536B6FF36A
:10319000CF03A16C43EAC1035363D36A43F0010335
:1031A000D362E4E70120704700440258744B1B6966
:1031B00003F03803102B00F0DD80182B0FD0002B0C
:1031C00040F0DA806E4B1B6813F0200F00F0D680C1
:1031D0006B4B1B68C3F3C1036A48D8407047684B08
:1031E0009A6A02F00302D3F828C0CCF30510D96A1A
:1031F00001F001015B6BC3F3CC0301FB03F307EEAA
:10320000903AF8EE677A1CF47C7F00F0B880012ACF
:103210004AD0022A74D0002A40F08F80584B1B6895
:1032200013F0200F23D056490A68C2F3C102554B50
:10323000D34007EE103AF8EE476A07EE100AB8EEF0
:10324000476A86EE867A0B6BC3F3080306EE903A64
:10325000F8EE666A9FED4C6A67EE867A76EEA77A9C
:10326000F7EE006A77EEA67A27EE277A38E007EEC7
:10327000100AF8EE476A9FED456A86EE267A404BC3
:103280001B6BC3F3080306EE903AF8EE666A9FEDF7
:103290003E6A67EE867A76EEA77AF7EE006A77EEF8
:1032A000A67A27EE277A1BE007EE100AF8EE476AA7
:1032B0009FED376A86EE267A314B1B6BC3F308030A
:1032C00006EE903AF8EE666A9FED2F6A67EE867A10
:1032D00076EEA77AF7EE006A77EEA67A27EE277ADF
:1032E000274B1B6BC3F34623013307EE903AF8EEEE
:1032F000677AC7EE276AFCEEE67A17EE900A704707
:1033000007EE100AF8EE476A9FED226A86EE267AEB
:103310001B4B1B6BC3F3080306EE903AF8EE666A8C
:103320009FED196A67EE867A76EEA77AF7EE006A65
:1033300077EEA67A27EE277AD2E707EE100AF8EEA4
:10334000476A9FED136A86EE267A0D4B1B6BC3F31B
:10335000080306EE903AF8EE666A9FED0B6A67EE98
:10336000867A76EEA77AF7EE006A77EEA67A27EEEF
:10337000277AB5E708487047084870470148704702
:10338000004402580090D003000000390024744C1F
:103390000024744A0024F44A00127A0000093D0017
:1033A000002800F02E8170B50D460446964B1B6830
:1033B00003F00F038B420AD2934A136823F00F03E2
:1033C0000B431360136803F00F038B426BD1236828
:1033D00013F0040F0CD022698C4B9B6903F070032F
:1033E0009A4205D989498B6923F070031A438A618F
:1033F000236813F0080F0CD06269844BDB6903F07B
:1034000070039A4205D98149CB6923F070031A43AE
:10341000CA61236813F0100F0CD0A2697B4BDB69E3
:1034200003F4E0639A4205D97849CB6923F4E06359
:103430001A43CA61236813F0200F0CD0E269734B62
:103440001B6A03F070039A4205D970490B6A23F096
:1034500070031A430A62236813F0020F0CD0E2686B
:103460006A4B9B6903F00F039A4205D967498B6940
:1034700023F00F031A438A61236813F0010F3ED033
:10348000624A936923F47063A1680B439361636894
:10349000022B0AD0032B26D0012B2AD05B4A1268BC
:1034A00012F0040F05D1012070BD126812F4003F24
:1034B000F9D056490A6922F0070213430B6102F062
:1034C000D9F90646514B1B6903F038036268B3EB28
:1034D000C20F14D002F0CEF9801B41F2883398421B
:1034E000F0D90320E0E7494A126812F0007FE0D1EA
:1034F000D9E7464A126812F4807FDAD1D3E723680D
:1035000013F0020F0CD0E268404B9B6903F00F03ED
:103510009A4205D23D498B6923F00F031A438A6111
:10352000394B1B6803F00F03AB420AD9364A1368C4
:1035300023F00F032B431360136803F00F03AB4218
:10354000B1D1236813F0040F0CD022692F4B9B6973
:1035500003F070039A4205D22C498B6923F0700363
:103560001A438A61236813F0080F0CD06269274B55
:10357000DB6903F070039A4205D22449CB6923F03A
:1035800070031A43CA61236813F0100F0CD0A269AC
:103590001E4BDB6903F4E0639A4205D21B49CB69F9
:1035A00023F4E0631A43CA61236813F0200F0CD0A0
:1035B000E269164B1B6A03F070039A4205D2134965
:1035C0000B6A23F070031A430A62FFF7EFFD0F49FD
:1035D0008B69C3F303230E4AD35C03F01F03D84067
:1035E0008B6903F00F03D35C03F01F0320FA03F38E
:1035F000084A1360084B1860084B186802F0D8F8A6
:1036000052E70120704700BF0020005200440258DA
:1036100024CF00080C00002010000020080000202B
:1036200008B5FFF7C3FD0B4A9369C3F303230A49A7
:10363000CB5C03F01F0320FA03F3926902F00F0240
:10364000885C00F01F0023FA00F0044A1060044A6E
:10365000136008BD0044025824CF00080C0000206D
:103660001000002008B5FFF7DBFF054BDB69C3F353
:103670000213044AD35C03F01F03D84008BD00BF07
:103680000044025824CF000808B5FFF7C9FF054BD6
:10369000DB69C3F30223044AD35C03F01F03D84061
:1036A00008BD00BF0044025824CF0008404B9B6A6D
:1036B00003F00303032B78D070B505460E463C4A51
:1036C000136823F08063136002F0D4F80446384B8B
:1036D0001B6813F0006F06D002F0CCF8031B022B1E
:1036E000F5D9032070BD324B9A6A22F47C322968E6
:1036F00042EA01329A626A68013AC2F30802A96892
:103700000139490289B20A43E9680139090401F41F
:10371000FE010A4329690139090601F0FE410A4305
:103720009A63DA6A22F0C00269690A43DA62DA6AE5
:1037300022F02002A9690A43DA62DA6A22F0100252
:10374000DA62DA6B6FF3CF02E96942EAC102DA6347
:10375000DA6A42F01002DA62BEB9154AD36A43F45B
:103760000023D362124A136843F08063136002F0AF
:1037700081F804460E4B1B6813F0006F13D102F062
:1037800079F8001B0228F5D9ABE7012E05D0084ACD
:10379000D36A43F40013D362E4E7054AD36A43F4DF
:1037A0008013D362DEE700209CE70120704700BF52
:1037B00000440258404B9B6A03F00303032B78D06C
:1037C00070B505460E463C4A136823F080531360DB
:1037D00002F050F80446384B1B6813F0005F06D027
:1037E00002F048F8031B022BF5D9032070BD324BC1
:1037F0009A6A22F07C72296842EA01529A626A68E7
:10380000013AC2F30802A9680139490289B20A43A0
:10381000E9680139090401F4FE010A432969013903
:10382000090601F0FE410A431A64DA6A22F4406292
:1038300069690A43DA62DA6A22F40072A9690A4302
:10384000DA62DA6A22F48072DA625A6C6FF3CF02BB
:10385000E96942EAC1025A64DA6A42F48072DA62C1
:10386000BEB9154AD36A43F48003D362124A13687F
:1038700043F08053136001F0FDFF04460E4B1B68BC
:1038800013F0005F13D101F0F5FF001B0228F5D9FA
:10389000ABE7012E05D0084AD36A43F08073D362A8
:1038A000E4E7054AD36A43F40003D362DEE700206D
:1038B0009CE70120704700BF00440258F8B5044659
:1038C000036813F0006F2CD0836EB3F5001F22D075
:1038D0000BD8D3B1B3F5801F14D102210830FFF704
:1038E000E5FE05462DB12E461DE0B3F5401F09D17A
:1038F0000025954A136D23F44013A16E0B43136505
:10390000002610E0012635460DE08F4AD36A43F4C5
:103910000033D362ECE702212830FFF74BFF054666
:10392000E0E700263546236813F4807F14D0A36DAA
:10393000042B31D8DFE803F0032229080800824A6B
:10394000D36A43F40033D3624DBB7F4A136D23F037
:103950000703A16D0B431365236813F4007F3CD06C
:10396000E36D802B2BD01CD81BB3402B1ED1002124
:1039700004F10800FFF79AFE054626E0002104F155
:103980000800FFF793FE0546DEE7002104F128005A
:10399000FFF710FF0546D7E701263546DCE72E4640
:1039A000DAE7C02B11D0B3F5807F0ED00126354663
:1039B00013E0654AD36A43F40033D36205E0002183
:1039C00004F12800FFF7F6FE0546DDB95E4A136DE7
:1039D00023F4E073E16D0B431365236813F4806FE8
:1039E00030D0D4F8A830B3F5800F1CD00CD8A3B1D8
:1039F000B3F5001F0ED1002104F10800FFF756FEB9
:103A0000054616E02E46E8E7B3F5C00F11D0B3F532
:103A1000000F0ED00126354614E04B4AD36A43F41A
:103A20000033D36205E0002104F12800FFF7C2FE55
:103A30000546E5B9444A936D23F46003D4F8A81011
:103A40000B439365236813F4006F31D0D4F8AC3086
:103A5000B3F1007F1CD00CD8A3B1B3F1807F0ED19D
:103A6000002104F10800FFF721FE054616E02E466E
:103A7000E8E7B3F1407F11D0B3F1806F0ED001269B
:103A8000354615E0304AD36A43F40033D36205E08B
:103A9000002104F12800FFF78DFE0546002D33D1EB
:103AA000294A936D23F0E063D4F8AC100B4393657F
:103AB000236813F0007F13D0E36C202B2BD025D884
:103AC00033B1102B24D1204AD36A43F40033D3629C
:103AD00045BB1D4AD36C23F03003E16C0B43D36428
:103AE000236813F4805F41D0236EB3F5005F2DD0BF
:103AF0001AD813B3B3F5805F1CD1002104F108007C
:103B0000FFF7D4FD054627E02E46D1E7302BDFD066
:103B100001263546E4E7022104F10800FFF7C6FD5F
:103B20000546D5E72E46DBE7B3F5405F14D0B3F585
:103B3000804F11D00126354618E0034AD36A43F47A
:103B40000033D36208E000BF00440258002104F1B2
:103B50002800FFF72FFE05463DB9964A136D23F462
:103B6000E043216E0B43136500E02E46236813F4F7
:103B7000005F17D0636EB3F5003F4CD03FD843B120
:103B8000B3F5803F44D1012104F10800FFF78EFD19
:103B90000546002D46D1874A136D23F4E023616E5C
:103BA0000B431365236813F4804F19D0D4F8B03059
:103BB000B3F1005F44D037D843B1B3F1805F3CD15B
:103BC000012104F10800FFF771FD0546002D3ED1EB
:103BD000784A936D23F0E043D4F8B0100B4393651B
:103BE000236813F4004F41D0236FB3F1805F30D0CE
:103BF000B3F1005F45D08BB30126354636E0B3F50F
:103C0000802FC6D0B3F5A02FC3D0B3F5403FC0D0AE
:103C100001263546C6E7012104F12800FFF7CAFD59
:103C20000546B6E72E46BDE7B3F1804FCED0B3F1DF
:103C3000A04FCBD0B3F1405FC8D001263546CFE7C7
:103C4000012104F12800FFF7B5FD0546BEE72E4629
:103C5000C6E7584AD36A43F40033D362C5B9554A1C
:103C6000136D23F04053216F0B431365236813F04A
:103C7000807F1DD0A36C032B51D8DFE803F0100B1D
:103C80004910012104F10800FFF710FD0546E5E7A2
:103C90002E46EBE7474AD36A43F40033D362002D44
:103CA00040D1444AD36C23F00303A16C0B43D3648B
:103CB000236813F4800F37D1236813F0010F19D054
:103CC000E36F102B00F0A98000F2988043B1082B1D
:103CD00040F0A080012104F10800FFF7E7FC054651
:103CE000002D40F0A180334A536D23F03803E16F7B
:103CF0000B435365236813F0020F00F0A580A36FF8
:103D0000052B00F2B980DFE803F09791B097979701
:103D1000022104F10800FFF7C9FC0546BFE70126B0
:103D20003546C5E72E46C3E7234A136843F480733C
:103D3000136001F09FFD07461F4B1B6813F4807F43
:103D400005D101F097FDC01B6428F5D90325002D8E
:103D500050D1184B1B6FD4F8B420534013F4407F5C
:103D60000CD0144B1A6F22F44072196F41F4803159
:103D70001967196F21F4803119671A67D4F8B430C4
:103D8000B3F5807F1AD0002D36D1D4F8B43003F4C7
:103D90004072B2F5407F22D0064A136923F47C5367
:103DA000136104490B6FD4F8B420C2F30B02134320
:103DB0000B6781E7004402580048025801F05AFDA1
:103DC0000746AC4B1B6F13F0020FDCD101F052FD24
:103DD000C01B41F288339842F3D90325D3E7A549A4
:103DE0000A6922F47C52C3F3171323F03003134300
:103DF0000B61D6E72E465FE72E465DE7282B09D8F4
:103E0000172B07D9183B9C4A22FA03F313F0010F32
:103E10007FF466AF012635466CE7012104F12800E6
:103E2000FFF7C8FC05465BE72E4663E7012104F176
:103E30000800FFF73BFC05460DBB8E4A536D23F08F
:103E40000703A16F0B435365236813F0040F29D0B8
:103E5000D4F89430052B00F20881DFE813F0180045
:103E60001200FF00180018001800012104F12800BA
:103E7000FFF7A0FC0546DFE701263546E4E72E46BE
:103E8000E2E7012104F10800FFF710FC0546002DD0
:103E900040F0EE80774A936D23F00703D4F8941036
:103EA0000B439365236813F0200F1DD0D4F8903096
:103EB000B3F1005F00F0F18000F2E0804BB1B3F1AC
:103EC000805F40F0E780002104F10800FFF7EEFB7F
:103ED0000546002D40F0E880664A536D23F0E0432C
:103EE000D4F890100B435365236813F0400F1DD096
:103EF000D4F89C30B3F5006F00F0E78000F2D68074
:103F00004BB1B3F5806F40F0DD80002104F1080073
:103F1000FFF7CCFB0546002D40F0DE80554A936D3F
:103F200023F4E053D4F89C100B439365236813F0FB
:103F3000800F1DD0D4F8A030B3F5804F00F0DD80A5
:103F400000F2CC804BB1B3F5005F40F0D38000218C
:103F500004F10800FFF7AAFB0546002D40F0D480CD
:103F6000444A936D23F46043D4F8A0100B43936547
:103F7000236813F0080F0DD0D4F88430B3F5805FB8
:103F800000F0C4803B4A536D23F44053D4F88410AE
:103F90000B435365236813F0100F0DD0D4F89830FD
:103FA000B3F5807F00F0BC80324A936D23F44073F8
:103FB000D4F898100B439365236813F4002F1CD09A
:103FC000D4F8A430B3F5803F00F0B480B3F5003FDF
:103FD00008D0002B40F0B580194604F10800FFF727
:103FE00065FB0546002D40F0AF80224A936D23F417
:103FF0004033D4F8A4100B439365236813F4802F47
:104000001CD0D4F88830B3F5001F00F09F80B3F5C2
:10401000401F08D0B3F5801F40F09F80154AD36A37
:1040200043F40033D362002D40F09A80114A536D5F
:1040300023F44013D4F888100B435365236813F41A
:10404000803F00F0A580236D002B00F08B80B3F53E
:10405000803F00F095800126354699E0012104F16A
:104060002800FFF7A7FB054611E70126354619E7AB
:104070002E4617E70044025801010100B3F1804FBA
:104080003FF427AFB3F1A04F3FF423AFB3F1405F4C
:104090003FF41FAF0126354626E7022104F1280030
:1040A000FFF788FB054614E72E461DE7B3F5805F52
:1040B0003FF431AFB3F5A05F3FF42DAFB3F5406FE0
:1040C0003FF429AF0126354630E7022104F12800EC
:1040D000FFF770FB05461EE72E4627E7B3F5004FB6
:1040E0003FF43BAFB3F5204F3FF437AFB3F5C04FCC
:1040F0003FF433AF012635463AE7022104F12800A8
:10410000FFF758FB054628E72E4631E7022104F168
:104110002800FFF74FFB00283FF434AF012631E7BA
:10412000022104F12800FFF745FB00283FF43CAFD3
:10413000012639E7022104F12800FFF73BFB054681
:1041400050E70126354658E72E4656E7012104F18F
:104150002800FFF72FFB054665E7012635466DE78A
:104160002E466BE76F4AD36A43F40033D36275B9C6
:104170006C4AD36C23F48033216D0B43D36407E086
:10418000022104F10800FFF791FA0546EFE72E46F9
:10419000236813F0005F10D1236813F4003F27D089
:1041A000D4F88030B3F5807F13D00FD9B3F5007FFA
:1041B00014D0B3F5407F0AD110E0022104F12800A9
:1041C000FFF7F8FA0028E7D00126E5E733B101262A
:1041D0000EE0544AD36A43F40033D362002D69D110
:1041E000504A536D23F44073D4F880100B43536549
:1041F000236813F4801F06D04A4A136D23F000434E
:10420000616F0B431365236813F0805F07D0454A45
:10421000136923F48043D4F8B8100B431361236867
:1042200013F4001F06D03F4A136D23F08073E16E34
:104230000B431365236813F0804F09D0394B1A697B
:1042400022F400421A611A69D4F8BC100A431A61B8
:104250002368002B06DA334AD36C23F04053616D98
:104260000B43D364236813F4000F07D02D4A536D1A
:1042700023F44003D4F88C100B435365636813F0A8
:10428000010F19D1636813F0020F1ED1636813F098
:10429000040F23D1636813F0080F28D1636813F06B
:1042A000100F2DD1636813F0200F32D106B1012613
:1042B0003046F8BD2E469BE7002104F10800FFF7C9
:1042C000F5F90028DED00646DCE7012104F10800FC
:1042D000FFF7ECF90028D9D00646D7E7022104F110
:1042E0000800FFF7E3F90028D4D00646D2E7002102
:1042F00004F12800FFF75EFA0028CFD00646CDE78C
:10430000012104F12800FFF755FA0028CAD006461B
:10431000C8E7022104F12800FFF74CFA0028C5D0B5
:104320000126C5E70044025808B5FFF779F9054BA7
:104330001B6AC3F30213044AD35C03F01F03D84083
:1043400008BD00BF0044025824CF000800B5794BD7
:104350009A6AD3F828C0CCF3053ED96AC1F300119C
:10436000DB6BC3F3CC0301FB03F31CF47C3F00F0D5
:10437000DB8002F0030207EE903AF8EE677A012A3A
:104380004BD0022A00F09680002A40F0B080694BA2
:104390001B6813F0200F23D066490A68C2F3C102DC
:1043A000654BD34007EE103AF8EE476A07EE10EA85
:1043B000B8EE476A86EE867A8B6BC3F3080306EE87
:1043C000903AF8EE666A9FED5D6A67EE867A76EE61
:1043D000A77AF7EE006A77EEA67A27EE277A38E01A
:1043E00007EE10EAF8EE476A9FED556A86EE267AE8
:1043F000504B9B6BC3F3080306EE903AF8EE666AE7
:104400009FED4E6A67EE867A76EEA77AF7EE006A3F
:1044100077EEA67A27EE277A1BE007EE10EAF8EE91
:10442000476A9FED486A86EE267A424B9B6BC3F340
:10443000080306EE903AF8EE666A9FED406A67EE72
:10444000867A76EEA77AF7EE006A77EEA67A27EEFE
:10445000277A384A936BC3F3462307EE903AF8EE77
:10446000677AF7EE006A77EEA67A87EE276ABCEEE7
:10447000C66A80ED006A936BC3F3064307EE903A79
:10448000F8EE677A77EEA67A87EE276ABCEEC66A00
:1044900080ED016A936BC3F3066307EE903AF8EE82
:1044A000677A77EEA67AC7EE276AFCEEE66AC0ED79
:1044B000026A00BD07EE10EAF8EE476A9FED226A35
:1044C00086EE267A1B4B9B6BC3F3080306EE903AED
:1044D000F8EE666A9FED196A67EE867A76EEA77A3D
:1044E000F7EE006A77EEA67A27EE277AB1E707EEB5
:1044F00010EAF8EE476A9FED136A86EE267A0D4BB6
:104500009B6BC3F3080306EE903AF8EE666A9FEDE4
:104510000B6A67EE867A76EEA77AF7EE006A77EE98
:10452000A67A27EE277A94E700230360436083602E
:10453000BFE700BF004402580090D00300000039DC
:104540000024744C0024744A0024F44A00B5794BCA
:104550009A6AD3F828C0CCF3055ED96AC1F300216A
:104560005B6CC3F3CC0301FB03F31CF07C7F00F016
:10457000DB8002F0030207EE903AF8EE677A012A38
:104580004BD0022A00F09680002A40F0B080694BA0
:104590001B6813F0200F23D066490A68C2F3C102DA
:1045A000654BD34007EE103AF8EE476A07EE10EA83
:1045B000B8EE476A86EE867A0B6CC3F3080306EE04
:1045C000903AF8EE666A9FED5D6A67EE867A76EE5F
:1045D000A77AF7EE006A77EEA67A27EE277A38E018
:1045E00007EE10EAF8EE476A9FED556A86EE267AE6
:1045F000504B1B6CC3F3080306EE903AF8EE666A64
:104600009FED4E6A67EE867A76EEA77AF7EE006A3D
:1046100077EEA67A27EE277A1BE007EE10EAF8EE8F
:10462000476A9FED486A86EE267A424B1B6CC3F3BD
:10463000080306EE903AF8EE666A9FED406A67EE70
:10464000867A76EEA77AF7EE006A77EEA67A27EEFC
:10465000277A384A136CC3F3462307EE903AF8EEF4
:10466000677AF7EE006A77EEA67A87EE276ABCEEE5
:10467000C66A80ED006A136CC3F3064307EE903AF6
:10468000F8EE677A77EEA67A87EE276ABCEEC66AFE
:1046900080ED016A136CC3F3066307EE903AF8EEFF
:1046A000677A77EEA67AC7EE276AFCEEE66AC0ED77
:1046B000026A00BD07EE10EAF8EE476A9FED226A33
:1046C00086EE267A1B4B1B6CC3F3080306EE903A6A
:1046D000F8EE666A9FED196A67EE867A76EEA77A3B
:1046E000F7EE006A77EEA67A27EE277AB1E707EEB3
:1046F00010EAF8EE476A9FED136A86EE267A0D4BB4
:104700001B6CC3F3080306EE903AF8EE666A9FED61
:104710000B6A67EE867A76EEA77AF7EE006A77EE96
:10472000A67A27EE277A94E700230360436083602C
:10473000BFE700BF004402580090D00300000039DA
:104740000024744C0024744A0024F44A00B5794BC8
:104750009A6AD3F828C0CCF3051ED96A01F001018A
:104760005B6BC3F3CC0301FB03F31CF47C7F00F011
:10477000DB8002F0030207EE903AF8EE677A012A36
:104780004BD0022A00F09680002A40F0B080694B9E
:104790001B6813F0200F23D066490A68C2F3C102D8
:1047A000654BD34007EE103AF8EE476A07EE10EA81
:1047B000B8EE476A86EE867A0B6BC3F3080306EE03
:1047C000903AF8EE666A9FED5D6A67EE867A76EE5D
:1047D000A77AF7EE006A77EEA67A27EE277A38E016
:1047E00007EE10EAF8EE476A9FED556A86EE267AE4
:1047F000504B1B6BC3F3080306EE903AF8EE666A63
:104800009FED4E6A67EE867A76EEA77AF7EE006A3B
:1048100077EEA67A27EE277A1BE007EE10EAF8EE8D
:10482000476A9FED486A86EE267A424B1B6BC3F3BC
:10483000080306EE903AF8EE666A9FED406A67EE6E
:10484000867A76EEA77AF7EE006A77EEA67A27EEFA
:10485000277A384A136BC3F3462307EE903AF8EEF3
:10486000677AF7EE006A77EEA67A87EE276ABCEEE3
:10487000C66A80ED006A136BC3F3064307EE903AF5
:10488000F8EE677A77EEA67A87EE276ABCEEC66AFC
:1048900080ED016A136BC3F3066307EE903AF8EEFE
:1048A000677A77EEA67AC7EE276AFCEEE66AC0ED75
:1048B000026A00BD07EE10EAF8EE476A9FED226A31
:1048C00086EE267A1B4B1B6BC3F3080306EE903A69
:1048D000F8EE666A9FED196A67EE867A76EEA77A39
:1048E000F7EE006A77EEA67A27EE277AB1E707EEB1
:1048F00010EAF8EE476A9FED126A86EE267A0D4BB3
:104900001B6BC3F3080306EE903AF8EE666A9FED60
:104910000B6A67EE867A76EEA77AF7EE006A77EE94
:10492000A67A27EE277A94E700230360436083602A
:10493000BFE700BF004402580090D00300000039D8
:104940000024744C0024744A0024F44A00B58BB04F
:10495000A0F580730B432ED0A0F500730B4378D0E5
:10496000A0F580630B4300F0C980A0F500630B4302
:1049700000F01E81A0F580530B4300F07E81A0F56E
:1049800000530B4300F0D481A0F500230B4300F04B
:104990001C82A0F580330B4300F05F82A0F58043BA
:1049A0000B4300F08082A0F50040084300F0C8826D
:1049B00000200BB000BD8F4B1B6D03F00703042BD1
:1049C000F6D8DFE803F0030D176F2100894B186854
:1049D00010F00070EDD007A8FFF7B8FE0898E8E7E0
:1049E000844B186810F00060E3D004A8FFF7AEFC19
:1049F0000498DEE77F4B186810F00050D9D001A86A
:104A0000FFF7A4FD0198D4E77A4AD36C03F0405332
:104A1000126812F0040F07D033B9764B1B68C3F34A
:104A2000C1037548D840C4E7724A126812F4807F07
:104A300002D0B3F1805F0AD06E4A126812F4003FD0
:104A4000B6D0B3F1005F00F0A6820020B1E76B485A
:104A5000AFE7684B1B6D03F4E073802B2FD014D9A4
:104A6000C02B1FD0B3F5807FA2D1624AD36C03F074
:104A70004053126812F0040F2CD05BBB5D4B1B68D7
:104A8000C3F3C1035C48D84093E76BB1402B8FD18F
:104A9000584B186810F000608BD004A8FFF756FC44
:104AA000049886E7564884E7524B186810F0007067
:104AB0003FF47FAF07A8FFF749FE089879E74D4B11
:104AC000186810F000503FF474AF01A8FFF73EFDE6
:104AD00001986EE7474A126812F4807F02D0B3F162
:104AE000805FB4D0434A126812F4003F3FF460AFD5
:104AF000B3F1005F00F0518200205AE73D4B9B6DFF
:104B000003F46003B3F5800F32D016D9B3F5C00FAC
:104B1000C8D0B3F5000F7FF44BAF364AD36C03F027
:104B20004053126812F0040F2DD063BB314B1B6849
:104B3000C3F3C1033048D8403BE773B1B3F5001F5E
:104B40007FF436AF2B4B186810F000603FF431AFA4
:104B500004A8FFF7FBFB04982BE7264B186810F01E
:104B600000703FF426AF07A8FFF7F0FD089820E794
:104B7000204B186810F000503FF41BAF01A8FFF75E
:104B8000E5FC019815E71B4A126812F4807F03D0F8
:104B9000B3F1805F3FF45BAF164A126812F4003F36
:104BA0003FF406AFB3F1005F00F0F981002000E7A9
:104BB000104B9B6D03F0E063B3F1007F3DD021D932
:104BC000B3F1407F3FF46EAFB3F1806F7FF4F0AE8E
:104BD000084AD36C03F04053126812F0040F37D028
:104BE000002B35D1034B1B68C3F3C1030248D840E7
:104BF000DFE600BF004402580090D00300093D00EA
:104C00000080BB0073B1B3F1807F7FF4D1AE9C4BC9
:104C1000186810F000603FF4CCAE04A8FFF796FBD4
:104C20000498C6E6964B186810F000703FF4C1AEC9
:104C300007A8FFF78BFD0898BBE6914B186810F0AA
:104C400000503FF4B6AE01A8FFF780FC0198B0E633
:104C50008B4A126812F4807F03D0B3F1805F3FF477
:104C6000F6AE874A126812F4003F3FF4A1AEB3F1EA
:104C7000005F00F0968100209BE6814B1B6D03F4E2
:104C8000E043B3F5005F33D017D9B3F5405F3FF48D
:104C900009AFB3F5804F7FF48BAE794AD36C03F044
:104CA0004053126812F0040F2DD063BB744B1B6885
:104CB000C3F3C1037348D8407BE673B1B3F5805F9B
:104CC0007FF476AE6E4B186810F000603FF471AE62
:104CD00004A8FFF73BFB04986BE6694B186810F0DB
:104CE00000703FF466AE07A8FFF730FD089860E655
:104CF000634B186810F000503FF45BAE01A8FFF75B
:104D000025FC019855E65E4A126812F4807F03D0B4
:104D1000B3F1805F3FF49BAE594A126812F4003F32
:104D20003FF446AEB3F1005F00F03D81002040E665
:104D3000534B1B6D03F4E023B3F5403F31D00BD848
:104D4000B3F5803F17D0B3F5003F1FD0002B7FF4A1
:104D50002FAEFEF787FC2CE6B3F5802F2DD0B3F5F0
:104D6000A02F7FF425AE464B186810F400303FF4B6
:104D700020AE45481DE6424B186810F000603FF435
:104D800018AE04A8FFF7E2FA059812E63C4B186843
:104D900010F000503FF40DAE01A8FFF7D7FB0298CA
:104DA00007E6374B186810F004003FF402AE1B68AA
:104DB000C3F3C1033348D840FBE5314B186810F406
:104DC00080703FF4F6AD3148F3E52D4B9B6D03F455
:104DD0004033B3F5803F10D0B3F5003F18D0002B1F
:104DE0007FF4E6AD264B186810F000603FF4E1ADAB
:104DF00004A8FFF7ABFA0498DBE5214B186810F024
:104E000000503FF4D6AD01A8FFF7A0FB0398D0E512
:104E10001B4AD36C03F04053126812F0040F07D002
:104E200033B9174B1B68C3F3C1031648D840C0E51C
:104E3000134A126812F4807F03D0B3F1805F3FF40D
:104E400006AE0F4A126812F4003F3FF4B1ADB3F161
:104E5000005F00F0AA800020ABE5094BD86C10F48D
:104E6000803015D000283FF4A4AD054B186810F031
:104E700000603FF49EAD04A8FFF768FA069898E535
:104E8000004402580090D00300127A0000093D004F
:104E9000474B186810F000703FF48BAD07A8FFF780
:104EA00055FC089885E5424B9B6D03F0E043B3F158
:104EB000405F31D00BD8B3F1805F17D0B3F1005F02
:104EC0001FD0002B7FF474ADFFF72EFA71E5B3F11C
:104ED000804F2DD0B3F1A04F7FF46AAD344B1868EA
:104EE00010F400303FF465AD324862E5304B18688D
:104EF00010F000603FF45DAD04A8FFF727FA0598B5
:104F000057E52B4B186810F000503FF452AD01A844
:104F1000FFF71CFB02984CE5254B186810F00400C5
:104F20003FF447AD1B68C3F3C1032348D84040E5B5
:104F30001F4B186810F480703FF43BAD1F4838E5F4
:104F40001B4B1B6D03F04053B3F1805F0DD0B3F1E9
:104F5000005F15D0002B7FF42BAD154B186810F4B3
:104F600000303FF426AD134823E5114B186810F0CC
:104F700000703FF41EAD07A8FFF7E8FB089818E59E
:104F80000B4B186810F000603FF413AD04A8FFF756
:104F9000DDF905980DE507480BE5064809E50548E4
:104FA00007E5044805E5034803E5024801E500BFBD
:104FB0000044025800127A000090D00300093D001E
:104FC000144BDB6813F0010F09D0124B124A5A60E0
:104FD00002F188325A60DB6813F0010F14D10D4BD7
:104FE000D3F80C3113F0010F10D00A4B0A4AC3F862
:104FF000042102F18832C3F80421D3F80C3113F0F4
:10500000010F05D100207047012070470020704734
:105010000120704700200052230167450D4BDA68DC
:1050200042F00102DA60DB6813F0010F0DD0094B8A
:10503000D3F80C2142F00102C3F80C21D3F80C3153
:1050400013F0010F03D000207047012070470120AA
:10505000704700BF00200052F8B505460E4600F02C
:1050600009FC0746022E09D0042417E000F002FCD8
:10507000C01BA84200D88DB9032032E02D4C0DE0B2
:105080002D4BD3F8103124EA030333F000430CBF57
:105090000123002363B1B5F1FF3FE7D1002CEFDB23
:1050A000254B1B6934EA03030CBF01230023F1E7FE
:1050B000012E17D0204BD3F8103123F0684323F48E
:1050C00080135B0C5B0443F0004333F0004112D1CA
:1050D000012E1ED0184BD3F8103113F4803F22D18B
:1050E0000020F8BD144B1B6923F0684323F48013A0
:1050F0005B0C5B04E9E7114882691A438261002B6B
:1051000003DB0D4A53610120EBE70B4BC3F814118D
:10511000F9E7094B1B6913F4803FE1D0064B4FF4CC
:1051200080325A61DCE7044B4FF48032C3F814211B
:10513000D6E700BF0400008000200052C80600200F
:105140002E4B1B7D012B55D070B50D4614462B4BB5
:1051500001221A7501F17843B3F5801F3BD3A1F109
:105160000161B1F5801F47D202231E46234B002266
:105170009A6131464CF25030FFF76EFF38BB012E7A
:105180002CD01F4AD2F80C3143F00203C2F80C3184
:10519000BFF36F8FBFF34F8F082354F8042B45F8EC
:1051A000042B013B13F0FF03F7D1BFF36F8FBFF365
:1051B0004F8F31464CF25030FFF74EFF012E13D087
:1051C0000F4AD2F80C3123F00203C2F80C310B4B1A
:1051D00000221A7570BD01231E46C7E7084AD3682E
:1051E00043F00203D360D3E7054AD36823F00203F8
:1051F000D360ECE7022070470120EBE7C8060020EF
:105200000020005201F00303032B24D011F0010F02
:105210000BD01D4BDA6822F03002DA60DA68024304
:10522000DA60DA6842F08802DA6011F0020F11D019
:10523000154BD3F80C2122F03002C3F80C21D3F81F
:105240000C210243C3F80C21D3F80C2142F0880250
:10525000C3F80C2170470C4BDA6822F03002DA6098
:10526000D3F80C2122F03002C3F80C21DA68024393
:10527000DA60D3F80C210243C3F80C219A6942F09A
:1052800010029A61704700BF0020005200B511F073
:10529000010F11D0DFF848C0DCF80C3023F4E663CE
:1052A000CCF80C30DCF80C3042EA002E43EA0E0356
:1052B00043F08403CCF80C3011F0020F0FD00849F2
:1052C000D1F80C3123F4E663C1F80C31D1F80C317C
:1052D00042EA0022134343F08403C1F80C3100BDBD
:1052E00000200052F8B5494B1B7D012B00F08C804B
:1052F00004460F46454B01221A7500229A61436805
:1053000013F0010F0DD10025636813F0020F12D1C5
:10531000CDB92368012B1BD04FF0FF333B60A6684B
:105320004EE001214CF25030FFF796FE0546002872
:10533000EAD00125E8E702214CF25030FFF78CFE5D
:105340000028E5D00125314B00221A752846F8BD0A
:1053500061682069FFF756FF636813F0010F12D1EF
:10536000636813F0020FEED002214CF25030FFF7C9
:1053700073FE00B10125264AD2F80C3123F0080350
:10538000C2F80C31DFE701214CF25030FFF764FE28
:1053900000B101251E4AD36823F00803D360DFE77C
:1053A00001214CF25030FFF757FE0546184AD368EA
:1053B00023F4E06323F00403D3600FE015BB013650
:1053C000E368A2681344B342BDD9226961683046DC
:1053D000FFF75CFF636813F0010FE1D1636813F01E
:1053E000020FEBD002214CF25030FFF735FE05469C
:1053F000074AD2F80C3123F4E06323F00403C2F827
:105400000C31DBE73E609EE702259FE7C8060020DF
:105410000020005270B582B0002376E085684FEA24
:10542000430E032404FA0EF425EA0405CC6804FABA
:105430000EF42C438460446824EA0C044D68C5F3E0
:10544000001C0CFA03FC4CEA0404446072E08C6813
:10545000012C75D182E0DD08083550F8254003F0B5
:10546000070C4FEA8C0C4FF00F0E0EFA0CFE24EADC
:105470000E0E0C6904FA0CF444EA0E0440F82540C0
:1054800073E0092400E0002404FA0EF42C430CF12C
:10549000020C6D4D45F82C404FF0B04424686FEA83
:1054A000020C24EA02054E6816F4801F01D042EA7D
:1054B00004054FF0B044256064680CEA04054E68AA
:1054C00016F4001F01D042EA04054FF0B0446560B5
:1054D000D4F884400CEA04054E6816F4003F01D06D
:1054E00042EA04054FF0B044C4F88450D4F8804038
:1054F0000CEA04054E6816F4803F01D042EA040528
:105500004FF0B042C2F8805001330A6832FA03F417
:1055100000F097804FF0010C0CFA03FC1CEA020229
:10552000F2D04C6804F0030E0EF1FF3EBEF1010F05
:105530007FF674AF4C6804F0030CBCF1030F86D007
:10554000C5685C004FF0030C0CFA04FC25EA0C0E55
:105550008D6805FA04FC4CEA0E04C4604C6804F043
:10556000030CBCF1020F3FF476AF05685C004FF00E
:10557000030C0CFA04FC25EA0C0E4D6805F0030C34
:105580000CFA04FC4CEA0E0404604C6814F4403F2E
:10559000BAD02E4CD4F8F45045F00205C4F8F450BB
:1055A000D4F8F44004F002040194019C4FEA930CF7
:1055B0000CF10205244C54F8255003F0030E4FEA79
:1055C0008E0E0F2404FA0EF425EA0405204CA042A6
:1055D0003FF459AF04F58064A04222D004F5806402
:1055E000A04220D004F58064A0421ED004F580645F
:1055F000A0421CD004F58064A0421AD004F5806457
:10560000A04218D004F58064A04216D004F580644E
:10561000A04214D004F58064A0423FF432AF0A24C3
:1056200032E7012430E702242EE703242CE7042488
:105630002AE7052428E7062426E7072424E7082488
:1056400022E702B070BD00BF0004005800440258B9
:10565000000002580AB181617047090481617047F6
:10566000134BDB6813F0040F07D1114BDB6803F019
:10567000070383421AD00120704710B50C4AD36843
:1056800023F007030343D36000F0F4F80446084B0B
:105690005B6813F4005F07D100F0ECF8001BB0F575
:1056A0007A7FF4D9012000E0002010BD002070476F
:1056B00000480258002807DB00F01F0240090123C0
:1056C0009340024A42F82030704700BF00E100E0FA
:1056D000002807DB090100F1604000F5614080F817
:1056E0000013704700F00F000901014B1954704777
:1056F00014ED00E000B500F00700A0F1030CBCF1D0
:10570000040F07D8C0F1070E0430062806D84FF062
:10571000000C03E04FF0040E4FF0000C4FF0FF338D
:1057200003FA0EF021EA000101FA0CF103FA0CF37E
:1057300022EA030241EA020000BD0000074AD368E2
:1057400023F4E0631B041B0C000200F4E06003433D
:1057500043F0BF6343F40033D360704700ED00E0D3
:1057600010B50446054BD868C0F30220FFF7C2FF0E
:1057700001462046FFF7ACFF10BD00BF00ED00E082
:1057800008B5FFF797FF08BD0138B0F1807F0BD255
:105790004FF0E0235861054AF02182F823100020E1
:1057A000986107221A6170470120704700ED00E000
:1057B0000F4B1B780BB90120704710B504460D4AFA
:1057C00010684FF47A72B2FBF3F3B0FBF3F0FFF71B
:1057D000DBFF08B90F2C01D9012010BD024621467C
:1057E0004FF0FF30FFF7BCFF034B1C600020F4E7D5
:1057F00004000020100000200800002010B5032045
:10580000FFF79CFFFDF7D2FC10498B69C3F303231C
:105810000F4AD35C03F01F03D8408B6903F00F03DA
:10582000D35C03F01F0320FA03F30A4A13600A4B08
:1058300018600020FFF7BCFF18B101231C4620466A
:1058400010BD0446FBF704FFF9E700BF004402580F
:1058500024CF00080C00002010000020034B1B7810
:10586000034A11680B441360704700BF0400002016
:10587000E4060020014B1868704700BFE4060020D2
:1058800038B50446FFF7F6FF0546B4F1FF3F02D0F6
:10589000044B1B781C44FFF7EDFF401BA042FAD3DA
:1058A00038BD00BF04000020014B1868000C704791
:1058B0000010005C034A536823EA00030B43536063
:1058C000704700BF0004005800285FD010B50446A0
:1058D00090F84130002B48D0242384F841302268CE
:1058E000136823F0010313606368226823F0706378
:1058F00013612268936823F400439360E368012BEB
:1059000038D0A368226843F404439360E368022B11
:1059100036D02268536823F40063536022685368CA
:1059200043F0007343F4004353602268D36823F4C8
:105930000043D360236962691343A169226843EA83
:105940000123D360E369216A22680B431360226854
:10595000136843F00103136000206064202384F87F
:105960004130206384F8420010BD80F84030FBF7DE
:105970002BFFB1E7A368226843F400439360C5E7B7
:105980002268536843F400635360C7E701207047FF
:10599000034690F84120202A23D190F84020012A84
:1059A0001FD0012280F84020242280F84120006886
:1059B000026822F0010202601868026822F4805234
:1059C0000260186802680A43026019680A6842F0B7
:1059D00001020A60202283F84120002083F8400061
:1059E000704702207047034690F84120202A21D1B9
:1059F00090F84020012A1DD0012280F84020242266
:105A000080F841200068026822F0010202601868F4
:105A1000026822F4706242EA0122026019680A6890
:105A200042F001020A60202283F84120002083F81E
:105A3000400070470220704718B111B94260084613
:105A400070470120704710B10160002070470120AD
:105A5000704708B50268C2F3014302F01F0201213A
:105A600001FA02F21B0103F1B043D3F8881011428E
:105A700004D0C3F88820436803B1984708BD0000EC
:105A800030B5D0F820C0036A23F0010303624268F6
:105A9000836923F4803323F073030C6844EA030E14
:105AA0002CF0020C8B6843EA0C03DFF898C0224C00
:105AB000A04218BF60450CBF4FF0010C4FF0000C26
:105AC0000DD004F58044A04214BF002401242546D3
:105AD0001A4CA04203D015B9194CA04207D1046A50
:105AE00024F00404046223F00803CC682343BCF1CF
:105AF000000F11D1DFF850C0604514BF4FF0000C0B
:105B00004FF0010C0D4CA04206D0BCF1000F03D1A8
:105B1000DFF82CC0604507D122F440724C6944EA9A
:105B2000020C8A6942EA0C024260C0F818E04A6836
:105B30004263036230BD00BF0004014000400140E9
:105B400000480140000001400044014010B5036AD4
:105B5000026A22F480720262D0F804C0C26922F4A0
:105B6000803222F073020C6844EA020E23F40073C0
:105B70008A6843EA0223174A174CA04218BF904292
:105B80000CBF0122002208D1046A24F4806404625C
:105B900023F40063CC6843EA04235AB90F4A9042C5
:105BA00014BF002201220E4CA04203D012B90D4AAC
:105BB000904207D12CF4405C4A694CEA021C8A6985
:105BC0004CEA021CC0F804C0C0F81CE04A68C2637A
:105BD000036210BD00000140000401400044014088
:105BE000004001400048014010B5036A026A22F4F7
:105BF00080520262D0F804C0C26922F0807222F49E
:105C0000E6420C6842EA042223F400538C6843EA1B
:105C10000433DFF850E0124C704518BFA04212D098
:105C20000EF5804E704514BF4FF0000E4FF0010E80
:105C300004F58044A04206D0BEF1000F03D1DFF886
:105C400028E0704504D12CF4804C4C694CEA841C4B
:105C5000C0F804C0C2614A680264036210BD00BF9C
:105C600000000140000401400048014010B5036AF3
:105C7000026A22F480320262D0F804C0426D22F43B
:105C8000803222F070020C68144323F400338A68D7
:105C900043EA0243DFF848E00F4A904218BF7045DC
:105CA0000DD002F58042904214BF002201220EF571
:105CB000804E704503D012B9084A904204D12CF4AA
:105CC000803C4A694CEA022CC0F804C044654A682A
:105CD0008265036210BD00BF00040140004801401E
:105CE0000000014010B5036A026A22F480120262C9
:105CF000D0F804C0426D22F0807222F4E0420C68B9
:105D000042EA042223F400138C6843EA0453DFF8C8
:105D100050E0124C704518BFA04212D00EF5804ED4
:105D2000704514BF4FF0000E4FF0010E04F5804493
:105D3000A04206D0BEF1000F03D1DFF828E0704585
:105D400004D12CF4802C4C694CEA842CC0F804C09B
:105D500042654A68C265036210BD00BF0000014091
:105D6000000401400048014000B59646036A026AFB
:105D700022F001020262DFF850C0114A904218BFBF
:105D800060450DD002F58042904214BF00220122EE
:105D90000CF5804C604503D012B90A4A904203D1F9
:105DA000026A22F004020262826922F0F00C4CEADC
:105DB0000E1223F00A0319438261016200BD00BF85
:105DC00000040140004801400000014000B58E463B
:105DD000036A016A21F010010162DFF830C00A494C
:105DE000884218BF604503D1016A21F04001016279
:105DF000816921F4704C4CEA023223F0A00343EA9B
:105E00000E138261036200BD0004014000000140E6
:105E1000836823F4401323F070030B4343F007031C
:105E20008360704790F83D30012B34D1022380F815
:105E30003D300368194AB3F1804F18BF93421CD01C
:105E4000A2F57C42934218D002F58062934214D0AE
:105E500002F58062934210D002F5784293420CD052
:105E6000A2F56C42934208D002F59432934204D0DA
:105E70001A6842F001021A600BE09968084A0A4069
:105E8000062A18BFB2F5803F03D01A6842F001021B
:105E90001A60002070470120704700BF00000140D9
:105EA000070001000268136A03F0113323F08853DE
:105EB00043B9116A40F24443194203D1136823F0F5
:105EC00001031360012380F83D300020704700007B
:105ED00010B58C460368414A904214BF002201224B
:105EE000B0F1804F14BF114642F00101F1B9DFF863
:105EF000F4E0704514BF4FF0000E4FF0010E384C27
:105F0000A04213D0BEF1000F10D10EF1804E0EF55D
:105F1000823E704514BF4FF0000E4FF0010E04F5A5
:105F20000064A04202D0BEF1000F04D023F0700341
:105F3000DCF80440234319BB2A49884214BF0021DE
:105F40000121DFF89CE070451AD0C9B901F1804108
:105F500001F58231884214BF002101210EF5006E47
:105F600070450DD061B92049884214BF002101213C
:105F70000EF59A3E704503D011B91C49884204D1F0
:105F800023F44073DCF80C100B4323F08003DCF89F
:105F900014100B43DCF80810C162DCF800108162B9
:105FA0001349884208BF42F0010262B90E4A90428A
:105FB00014BF0022012201F57051884203D012B9AA
:105FC0000A4A904202D1DCF810200263026842F0D3
:105FD0000402026001224261036010BD0000014022
:105FE0000004004000080040004401400048014017
:105FF0000004014060B310B5044690F83D3013B37F
:10600000022384F83D30214651F8040BFFF760FF6E
:10601000012384F8483084F83E3084F83F3084F817
:10602000403084F8413084F8423084F8433084F8BA
:10603000443084F8453084F8463084F8473084F89A
:106040003D30002010BD80F83C30FBF709FCD7E75D
:106050000120704760B310B5044690F83D3013B38B
:10606000022384F83D30214651F8040BFFF730FF3E
:10607000012384F8483084F83E3084F83F3084F8B7
:10608000403084F8413084F8423084F8433084F85A
:10609000443084F8453084F8463084F8473084F83A
:1060A0003D30002010BD80F83C30FBF717FCD7E7EF
:1060B0000120704710B5036A026A22F010020262E2
:1060C000D0F804E0826922F0807222F4E6420C6883
:1060D00042EA042C23F020038A6843EA0213174A99
:1060E000174CA04218BF90420CBF0122002208D1D9
:1060F000046A24F04004046223F08003CC6843EA7D
:1061000004135AB90F4A904214BF002201220E4CC8
:10611000A04203D012B90D4A904207D12EF4406E2E
:106120004A694EEA820E8A694EEA820EC0F804E09D
:10613000C0F818C04A688263036210BD00000140C5
:10614000000401400044014000400140004801407B
:1061500038B590F83C30012B00F0958004460123BF
:1061600080F83C30142A00F28980DFE802F00B87C7
:1061700087872087878735878787498787875E87CF
:10618000878772000D460068FFF77AFC22689369E2
:1061900043F0080393612268936923F00403936139
:1061A0002268936929690B439361002067E00D46DB
:1061B0000068FFF77FFF2268936943F400639361EF
:1061C0002268936923F48063936122689369296943
:1061D00043EA01239361E8E70D460068FFF7B6FC48
:1061E0002268D36943F00803D3612268D36923F09E
:1061F0000403D3612268D36929690B43D361D4E7CF
:106200000D460068FFF7F0FC2268D36943F4006391
:10621000D3612268D36923F48063D3612268D36990
:10622000296943EA0123D361BFE70D460068FFF700
:106230001DFD2268536D43F0080353652268536DBA
:1062400023F0040353652268536D29690B4353659A
:10625000ABE70D460068FFF745FD2268536D43F438
:10626000006353652268536D23F48063536522688D
:10627000536D296943EA0123536596E70120002302
:1062800084F83C3038BD0220FCE7D0F808C02CF47C
:106290007F4C42EA03220A4342EA0C0282607047C2
:1062A00090F83C30012B00F0828010B504460123A9
:1062B00080F83C30022380F83D30026890683D4B06
:1062C000034093600B68702B46D025D8502B62D0CA
:1062D00016D8402B09D1CA6849682068FFF744FDE9
:1062E00040212068FFF794FD41E028D8202B2ED0D4
:1062F00003D863B3102B2AD021E0302B27D01EE027
:10630000602B1CD1CA6849682068FFF75FFD6021D7
:106310002068FFF77DFD2AE0B3F5005F2FD004D899
:10632000B3F5805F41D1002022E0234A93420ED092
:1063300007D8B3F5801F0AD0B3F1101F07D0012092
:1063400016E01E4A934202D010329342F7D119460A
:106350002068FFF75DFD0AE0CB684A68896820681D
:10636000FFF793FF2268936843F077039360002060
:10637000012384F83D30002384F83C3010BDCB6805
:106380004A6889682068FFF780FF2268936843F4B1
:1063900080439360EBE7CA6849682068FFF7E4FC34
:1063A00050212068FFF734FDE1E70120E0E70220FB
:1063B000704700BF8800CEFF2000100030001000A2
:1063C00001F01F014FF0010C0CFA01FC036A23EAF3
:1063D0000C030362036A8A401343036270470000A0
:1063E00010B50446102928D8DFE801F0092727272F
:1063F0000F272727152727271B272727210090F856
:106400003E30013B18BF01231CE090F83F30013BB8
:1064100018BF012316E090F84030013B18BF01235C
:1064200010E090F84130013B18BF01230AE090F8DA
:106430004230013B18BF012304E090F84330013B98
:1064400018BF0123002B70D110291ED8DFE801F0FE
:10645000091D1D1D0D1D1D1D111D1D1D151D1D1DA4
:106460001900022384F83E3012E0022384F83F3002
:106470000EE0022384F840300AE0022384F8413021
:1064800006E0022384F8423002E0022384F843301D
:1064900001222068FFF794FF23682549254A93428B
:1064A00018BF8B420BD002F57052934207D002F511
:1064B0008062934203D002F58062934203D15A6C0A
:1064C00042F400425A642368194AB3F1804F18BF5E
:1064D00093421CD0A2F57C42934218D002F5806210
:1064E000934214D002F58062934210D002F57842B4
:1064F00093420CD0A2F56C42934208D002F594323C
:10650000934204D01A6842F001021A600BE09968C5
:10651000094A0A40062A18BFB2F5803F03D01A681C
:1065200042F001021A60002010BD0120FCE700BF0C
:1065300000000140000401400700010090F83C20E9
:10654000012A47D010B50346012280F83C200222E0
:1065500080F83D2002685068D2F808C0DFF87CE07F
:106560001D4C724518BFA24203D120F470004C6844
:10657000204320F070000C68204350601A681648D1
:10658000B2F1804F18BF824217D0A0F57C40824202
:1065900013D000F5806082420FD000F58060824207
:1065A0000BD000F57840824207D0A0F56C408242C3
:1065B00003D000F59430824205D12CF0800C89681C
:1065C00041EA0C019160012283F83D20002083F80C
:1065D0003C0010BD02207047000001400004014053
:1065E00090F83C30012B3DD010B50246012380F8D5
:1065F0003C30CB6823F440738868034323F4806302
:106600004868034323F400630868034323F480537A
:106610000869034323F400534869034323F4804388
:10662000886A034323F47023886943EA00431068AF
:10663000DFF834E0DFF834C0604518BF70450CD196
:1066400023F470034C6A43EA045323F08073CC694B
:10665000234323F00073096A0B434364002082F84C
:106660003C0010BD022070470000014000040140C2
:10667000026852E8003F23F4907342E80031002999
:10668000F6D1026802F1080353E8003F23F080537B
:1066900023F00103083242E800310029F1D1C36E32
:1066A000012B06D02023C0F88C300023C36643673B
:1066B0007047026852E8003F23F0100342E80031BF
:1066C0000029F6D1EEE7704730B587B004468368FD
:1066D0000269134342691343C2691343016808689E
:1066E000994A02401A430A602268536823F44053CF
:1066F000E1680B435360A1692268944B9A4201D030
:10670000236A1943936823F06E4323F430630B43E9
:1067100093602268D36A23F00F03616A0B43D3624C
:1067200023688B4A934252D08A4A934200F0B48045
:10673000894A934200F0C680884A934200F0D8808C
:10674000874A934200F0EA80864A934200F0128121
:10675000854A934200F06C81844A934200F07E8126
:106760007A4A934200F09281802278498B4200F06D
:10677000A581E069B0F5004F00F01982202A00F2EF
:106780007882202A00F2B182DFE812F08D029202B4
:10679000AF02AF029502AF02AF02AF029A02AF02A0
:1067A000AF02AF02AF02AF02AF02AF029F02AF0271
:1067B000AF02AF02AF02AF02AF02AF02AF02AF0251
:1067C000AF02AF02AF02AF02AF02AF02AB02684A44
:1067D000526D02F03802282AC6D801A151F822F0E1
:1067E0002D6A000869670008696700086967000882
:1067F0006967000869670008696700086967000839
:10680000856800086967000869670008696700080B
:106810006967000869670008696700086967000818
:1068200089680008696700086967000869670008E7
:1068300069670008696700086967000869670008F8
:106840008D680008696700086967000869670008C3
:1068500069670008696700086967000869670008D8
:10686000916800086967000869670008696700089F
:1068700069670008696700086967000869670008B8
:1068800095680008042270E708226EE710226CE782
:1068900020226AE7402268E7354A526D02F007027B
:1068A000052A3FF661AF01A151F822F0896A00087C
:1068B00085680008896800088D68000891680008EC
:1068C000956800082A4A526D02F00702052A3FF631
:1068D0004BAF01A151F822F0896A000885680008D1
:1068E000896800088D6800089168000895680008AC
:1068F0001F4A526D02F00702052A3FF635AF01A18B
:1069000051F822F0896A0008856800088968000843
:106910008D6800089168000895680008144A526D57
:1069200002F00702052A3FF61FAF01A151F822F03D
:10693000896A000885680008896800088D68000871
:106940009168000895680008F369FFCF000C0058B3
:10695000001001400044004000480040004C00404E
:10696000005000400014014000780040007C0040CE
:1069700000440258AB4A526D02F03802282A3FF612
:10698000F3AE01A151F822F02D6A000869670008F2
:106990006967000869670008696700086967000897
:1069A000696700086967000885680008696700086A
:1069B0006967000869670008696700086967000877
:1069C0006967000869670008896800086967000846
:1069D0006967000869670008696700086967000857
:1069E00069670008696700088D6800086967000822
:1069F0006967000869670008696700086967000837
:106A000069670008696700089168000869670008FD
:106A10006967000869670008696700086967000816
:106A200069670008696700089568000801229CE60C
:106A30007C4A526D02F00702052A3FF695AE01A18D
:106A400051F822F0896A0008856800088968000802
:106A50008D6800089168000895680008714A526DB9
:106A600002F00702052A3FF67FAE01A151F822F09D
:106A7000896A000885680008896800088D68000830
:106A8000916800089568000800226EE6654A926DDC
:106A900002F00702052A3FF667AE01A151F822F085
:106AA000B96A000885680008896800088D680008D0
:106AB0009168000895680008022256E6202A27D827
:106AC000012A40F21281023A1E2A00F20E81DFE80A
:106AD00012F04E000C0154000C010C010C01590085
:106AE0000C010C010C010C010C010C010C015E00ED
:106AF0000C010C010C010C010C010C010C010C012E
:106B00000C010C010C010C010C010C010C016A00C0
:106B1000402A40F0EA804FF40040626A424B33F86A
:106B20001220B0FBF2F3656805EB4501994200F2D3
:106B3000DC80B3EB053F00F2D88000231946F9F75B
:106B400007FC090241EA106100022A466B08C018DE
:106B50004FF0000341F10001F9F7FAFBA0F5407294
:106B6000324B9A4200F2C1802368D86099E0FDF769
:106B7000DBFB002800F09580CFE703A8FDF7E6FBDC
:106B80000498F6E76846FDF7E1FC0198F1E7254B2C
:106B90001B6813F0200F08D0224B1B68C3F3C103FE
:106BA0002348D840B9E72348B7E72148B5E7202A6A
:106BB00015D8202A00F29980DFE802F02F3E97973F
:106BC0004197979746979797979797974B97979748
:106BD0009797979797979797979797975700402AE0
:106BE00040F08380626A104B33F81230B0FBF3F050
:106BF0006268530803EB4003B3FBF2F3A3F1100107
:106C00004FF6EF72914270D89AB222F00F02C3F39E
:106C1000420313432268D36043E0FCF723FD0028BE
:106C20003FD0DFE7004402580CCF0008FFFC0F0004
:106C30000090D00300093D00FCF726FDEFE703A814
:106C4000FDF784FB0498EAE76846FDF77FFC0198AE
:106C5000E5E72B4B1B6813F0200F08D0284B1B686F
:106C6000C3F3C1032748D840BCE72748BAE7254803
:106C7000B8E7402A39D14FF40040626A234B33F819
:106C80001230B0FBF3F0636800EB5300B0FBF3F09D
:106C9000A0F110024FF6EF739A4226D8236880B213
:106CA000D860002022E0FCF7DDFC0028F9D0E4E702
:106CB000FCF7EAFCF9E703A8FDF748FB0498F4E7C2
:106CC0006846FDF743FC0198EFE70D4B1B6813F096
:106CD000200F08D00A4B1B68C3F3C1030948D840F2
:106CE000CBE70948C9E70748C7E701200123A4F813
:106CF0006A30A4F8683000236367A36707B030BD2B
:106D0000004402580090D00300093D000CCF000859
:106D1000836A13F0080F06D00268536823F4004317
:106D2000816B0B435360836A13F0010F06D0026836
:106D3000536823F40033C16A0B435360836A13F032
:106D4000020F06D00268536823F48033016B0B43B3
:106D50005360836A13F0040F06D00268536823F46B
:106D60008023416B0B435360836A13F0100F06D0EE
:106D70000268936823F48053C16B0B439360836A6A
:106D800013F0200F06D00268936823F40053016CBF
:106D90000B439360836A13F0400F0AD00268536874
:106DA00023F48013416C0B435360436CB3F5801F95
:106DB0000BD0836A13F0800F06D00268536823F467
:106DC0000023C16C0B43536070470268536823F47F
:106DD000C003816C0B435360EBE72DE9F04104469F
:106DE0000D4616469846069F2368DB6935EA03037D
:106DF0000CBF4FF0010C4FF0000CB44538D1B7F187
:106E0000FF3FF1D0FEF736FD4346C01AB84221D805
:106E100007B323681A6812F0040FE5D0B5F14002F9
:106E200018BF0122802DDFD0002ADDD0DA6912F0F0
:106E3000080F11D1DA6912F4006FD5D04FF4006257
:106E40001A622046FFF714FC2023C4F89030002378
:106E500084F8843003200CE008251D622046FFF7EB
:106E600007FCC4F89050002384F88430012000E02F
:106E70000020BDE8F0812DE9F04182B01E46D0F837
:106E80008830202B61D104460D469046002A18BF59
:106E9000002903D1012002B0BDE8F0810023C0F831
:106EA00090302123C0F88830FEF7E4FC0746A4F8B0
:106EB0005480A4F85680A368B3F5805F02D0002305
:106EC00098461CE023696BB30023984617E0202303
:106ED000C4F888300320DEE7424632F8023B904691
:106EE0002268C3F308039362D4F8882002F02102D9
:106EF000212ACFD1B4F85620013AA4F85620B4F88C
:106F0000563093B100963B46002280212046FFF781
:106F100064FF0028DBD1002DDED015F8012B23689B
:106F20009A62E1E7A8461D46E9E700963B46002243
:106F300040212046FFF751FF18B92023C4F88830BC
:106F4000A9E72023C4F88830C4E70220A3E72DE98D
:106F5000F04383B01E46D0F88C30202B40F0858063
:106F600004460D469046002A18BF002903D101208F
:106F700003B0BDE8F0830023C0F890302222C0F8AF
:106F80008C20C366FEF776FC0746A4F85C80A4F864
:106F90005E80A368B3F5805F06D0A3B9226972B999
:106FA000FF22A4F8602014E0226922B940F2FF1207
:106FB000A4F860200DE0FF22A4F8602009E07F2201
:106FC000A4F8602005E0B3F1805F0BD00022A4F8A4
:106FD0006020B4F860209046B3F5805F0CD00023A9
:106FE000994624E022691AB97F22A4F86020F0E7CC
:106FF0003F22A4F86020ECE7236973B3002399468D
:1070000015E02023C4F88C300320B1E723685B6AC5
:10701000424613404A4622F8023B9146D4F88C304F
:10702000222BA4D1B4F85E20013AA4F85E20B4F873
:107030005E30ABB100963B46002220212046FFF790
:10704000CCFE0028DDD1002DE0D023685A6A5FFA1B
:1070500088F3134005F8013BE0E7A9461D46E6E743
:107060002023C4F88C30002082E7022080E730B56E
:1070700083B004460023C0F89030FEF7FBFB0546C2
:107080002268126812F0080F10D123681B6813F0F1
:10709000040F27D12023C4F88830C4F88C30002096
:1070A000E066206784F8840003B030BD6FF07E4353
:1070B0000093034600224FF400112046FFF78DFE97
:1070C0000028E2D0226852E8003F23F0800342E823
:1070D00000310029F6D12023C4F8883084F88410C8
:1070E0000320E1E76FF07E4300932B4600224FF42C
:1070F00080012046FFF771FE0028CBD0226852E8BD
:10710000003F23F4907342E800310029F6D1226851
:1071100002F1080353E8003F23F00103083242E87C
:1071200000310029F3D12023C4F88C3084F8841076
:10713000D6E778B310B50446D0F888300BB32423D3
:10714000C4F888302268136823F001031360A36A2F
:10715000E3B92046FFF7B8FA012811D02268536836
:1071600023F4904353602268936823F02A039360CA
:107170002268136843F0010313602046FFF777FF8E
:1071800010BD80F88430FFF79EFAD8E72046FFF75D
:10719000BFFDDEE701207047314AD2F8883043F462
:1071A0007003C2F888302F4B1B6803F00F03062BC7
:1071B00006D82C4A136823F00F0343F0070313602B
:1071C000294B1A6842F001021A6000221A611968FC
:1071D000264A0A401A60234B1B6813F0080F06D09A
:1071E000204A136823F00F0343F0070313601E4B7C
:1071F00000229A61DA611A621D4999621D49D962B9
:107200001D4919635A639963DA6319645A641968EA
:1072100021F4802119601A66184B1B686FF30F0365
:10722000B3F1005F03D2164B0122C3F808210E4BC5
:10723000D3F8D43013F4805F10D10B4BD3F8D420A3
:1072400042F48052C3F8D4200E4A43F2D2011160B6
:10725000D3F8D42022F48052C3F8D420704700BF62
:1072600000ED00E000200052004402587FEDF6EAF5
:10727000000202020000FF01800201010010005C18
:107280000080005100400052044BDA6842F00202D4
:10729000DA605A689204FCD5704700BF0048025873
:1072A00008B503460D4A0E490E48006840B10D4826
:1072B00000680344521A934208D80A4A136008BD72
:1072C0000848DFF824C0C0F800C0F0E702F0CEF9AB
:1072D0000C2303604FF0FF30F1E700BF00000220F5
:1072E00000040000E8060020B00B002001207047D9
:1072F00008B502F0BBF9162303604FF0FF3008BD5C
:1073000008B54FF0FF31FFF7F3FFFEE770B50E460B
:107310001546002406E0FAF7B3FC314601F8010BEC
:1073200001340E46AC42F6DB284670BD70B50C4603
:107330001646002504E014F8010BFAF789FC013524
:10734000B542F8DB304670BD4FF0FF3070474FF468
:1073500000534B60002070470120704700207047A9
:1073600092FAA2F3B3FA83F3C3808280016070477C
:1073700082B08446CDE9001200210174DDE90001EC
:107380008CE80500CCF80C3002B0704710B504460C
:107390000748036800225A62FEF744FD044B1B684D
:1073A0005B6AA342FAD30248FEF77CFD10BD00BF22
:1073B000FC03002030B583B002AB03E906000C46A5
:1073C0000A68BDF806305B000321994022EA0102F9
:1073D00022602268012101FA03F313432360BDF800
:1073E00004502B04A36128B93C20FFF7CFFFA5610F
:1073F00003B030BD0A20FFF7C9FFA5613220FFF7B7
:10740000C5FFF5E730B583B0054602AB03E90600DA
:10741000002409E002AB13E9060005F00100FFF7C4
:10742000C9FF6D080134E4B2072CF3D903B030BDB5
:1074300070B582B002AB03E9030004460168BDF8F1
:1074400006305B0003229A40D54321EA0202026023
:107450000268012101FA03F313430360BDF80460DD
:10746000330483610520FFF791FF23681D402560E9
:107470000F20FFF78BFF23691E4206D100242D2029
:10748000FFF784FF204602B070BD0124F7E730B556
:1074900083B002AB03E903000024254609E002ABF8
:1074A00013E90300FFF7C4FFA0400543EDB2013428
:1074B000E4B2072CF3D9284603B030BD70B582B0D2
:1074C00002AB03E9030004460168BDF806305B0027
:1074D00003229A40D54321EA020202600268012198
:1074E00001FA03F313430360BDF8046033048361BE
:1074F0004FF4F070FFF74AFF23681D4025603C20E1
:10750000FFF744FF23691E4207D000244FF4D270D6
:10751000FFF73CFF204602B070BD0124F6E710B52E
:1075200082B0CDE90001DDE90001FFF7C7FFDDE929
:107530000012CC20FFF766FFDDE900124420FFF7C0
:1075400061FF02B010BD000030B587B0CDE9000189
:107550001546DDE90001FFF7B1FF08B907B030BDFE
:10756000DDE90012CC20FFF74DFFDDE90012BE205F
:10757000FFF748FF00240AE0DDE90001FFF787FF7D
:1075800004F118036B4403F80C0C0134E4B2082C2A
:10759000F2D90022134613E04FEA5C0C0131C9B264
:1075A00007290BD883EA0C0010F0010F4FEA5303B0
:1075B000F2D083F07303DB43DBB2EDE70132D2B2EA
:1075C000072A06D802F11801694411F80CCC0021F1
:1075D000E6E79DF814209A4212D19DF80D209DF8FF
:1075E0000C3043EA02231BB207EE903AF8EEE77A3A
:1075F0009FED047A67EE877AC5ED007A0120ADE74A
:107600000020ABE70000803D032801D90248704705
:10761000024B53F820007047ACCC000874D100082E
:10762000844620B101B901210020024602E0002079
:107630007047013003280BD800EB40030CEB4303E9
:107640001B8E002BF5D01A449142F2D8C0B270477D
:1076500003200028EBDB00EB40030CEB43031B8E05
:107660000BB90138F5E7C0B2704794461A460329B2
:1076700094BF00230123002808BF43F0010323BB6C
:1076800000B5864601EB41000EEB4000038ED3B1FE
:10769000BCF1000F03D090F832308CF8003032B1DA
:1076A00001EB41030EEB430393F833301370019B5E
:1076B0003BB101EB41010EEB410393F83430019AE9
:1076C0001370012000BD0020FCE70020704700007F
:1076D00030B59DB005460B46084A6421684601F066
:1076E00055FE002319931A931B937022694628466E
:1076F00001F0F1FF28461DB030BD00BFD4CC00081A
:1077000038B505460C4C2046FAF7AEFE0A21204655
:10771000FAF720FB2046FAF7AFFB07EE100AB8EEA7
:10772000477ADFED066AC7EE267A9FED057A67EEA7
:10773000877AC5ED197A38BDB005002000F07F4585
:107740003333534090ED197ADFED0E7A67EE277AE6
:1077500067EE877A67EE877ADFED0B6A67EE266A57
:1077600066EE876A77EEE67ADFED086A27EE267A1C
:1077700077EE877ADFED066A87EEA67A80ED1A7AD1
:10778000704700BF856B054329DC7F43F65856449C
:1077900000007A44D0ED1A7A9FED037A67EE877A7B
:1077A000C0ED1B7A704700BF0000FA4310B50446D5
:1077B000FFF7A6FF2046FFF7C5FF2046FFF7EAFFC9
:1077C00010BD0000072803D8024B53F82000704773
:1077D0000020704784D100080023037242600160DA
:1077E000704708B5042900F20981DFE811F00500AF
:1077F00037006B009F00D300002303724368102BF7
:1078000023D8DFE803F0092222220E2222221322AB
:107810002222182222221D0003681B6800225A63BC
:1078200017E003681B6800229A6312E003681B6874
:107830000022DA630DE003681B6800221A6408E086
:1078400003681B6800229A6503E003681B68002236
:10785000DA6541680068FEF7C3FD08BD01230372C5
:107860004368102B28D8DFE803F0092727270F27C4
:107870002727152727271B272727210003681B6891
:107880004FF416725A63E4E703681B684FF41672EC
:107890009A63DEE703681B684FF41672DA63D8E771
:1078A00003681B684FF416721A64D2E703681B68FA
:1078B0004FF416729A65CCE703681B684FF4167292
:1078C000DA65C6E7022303724368102B28D8DFE885
:1078D00003F0092727270F272727152727271B27E7
:1078E0002727210003681B684FF416625A63B0E72C
:1078F00003681B684FF416629A63AAE703681B6863
:107900004FF41662DA63A4E703681B684FF416624B
:107910001A649EE703681B684FF416629A6598E73D
:1079200003681B684FF41662DA6592E7032303725B
:107930004368102B28D8DFE803F0092727270F27F3
:107940002727152727271B272727210003681B68C0
:107950004FF461625A637CE703681B684FF461620D
:107960009A6376E703681B684FF46162DA6370E735
:1079700003681B684FF461621A646AE703681B6856
:107980004FF461629A6564E703681B684FF46162B3
:10799000DA655EE7042303724368102B28D8DFE81A
:1079A00003F0092727270F272727152727271B2716
:1079B0002727210003681B684FF496525A6348E753
:1079C00003681B684FF496529A6342E703681B688A
:1079D0004FF49652DA633CE703681B684FF4965203
:1079E0001A6436E703681B684FF496529A6530E7CD
:1079F00003681B684FF49652DA652AE70023037286
:107A00004368102B23D8DFE803F0092222220E223C
:107A1000222213222222182222221D0003681B6820
:107A200000225A6315E703681B6800229A6310E777
:107A300003681B680022DA630BE703681B680022F7
:107A40001A6406E703681B6800229A6501E7036869
:107A50001B680022DA65FCE6002303724368102BE2
:107A600023D8DFE803F0092222220E222222132249
:107A70002222182222221D0003681B6800225A635A
:107A8000704703681B6800229A63704703681B688D
:107A90000022DA63704703681B6800221A6470478B
:107AA00003681B6800229A65704703681B68002200
:107AB000DA65704730B59FB0054601AC64222046B8
:107AC00001F076FD00238DF8673000231A931B9395
:107AD000054B1C93054B1D9374222146284601F04B
:107AE000FAFD28461FB030BD3C3CBCC087877741BB
:107AF000F8B5074600252E460DE0114C2046FAF752
:107B0000B3FC4FF0FF312046FAF724F92046FAF78C
:107B1000B3F906440135092DEFDD07EE906AF8EE62
:107B2000677AB2EE047AC7EE876A9FED067AC6EEF0
:107B3000877A9FED057A67EE877AC7ED197AF8BDE7
:107B40004C05002000F07F4533335340D0ED1B7AC5
:107B500090ED197A67EE877A90ED1C7A77EE877A46
:107B6000C0ED1A7A704710B50446FFF7C1FF2046F2
:107B7000FFF7ECFF10BDF0B59FB0054617461E4657
:107B800001AC204601F09FFD1A97ADF86C60002310
:107B90008DF86E301C931D9374222146284601F007
:107BA0009AFD28461FB0F0BD38B590F86A30012B19
:107BB00000D138BD04460D460122B0F86810406E71
:107BC000FDF748FDFDF756FEE0662567012384F8C2
:107BD0006A30EEE790F86A3003B9704710B5044692
:107BE000FDF748FEE36EC01A236F984200D210BD25
:107BF0000022B4F86810606EFDF72CFD002384F8B5
:107C00006A30F4E70160828092FAA2F2B2FA82F25C
:107C1000C2808360704738B50446036882889A61E1
:107C20001420FDF72DFEA068FAF71EFC6421A06861
:107C3000FAF790F8A068FAF71FF90546A068FAF776
:107C4000DFFCA38822681B049361284638BD00002E
:107C50002DE9F04F2DED028BA3B00446394EB7EE5F
:107C6000088A86ED008A384F384B3B600023384A3B
:107C70001370384A1370384B01221A70DFF8F4A0E1
:107C800004ADDFF8F4B04FF480535A463349284628
:107C9000FFF771FF4FF0740842462946504601F045
:107CA0001AFDDFF8D8904FF480635A462C492846D5
:107CB000FFF761FF42462946484601F00CFDDFF818
:107CC000C08043F69822D6ED000AB0EE480A51462D
:107CD000404600F015F9234D43F69822D7ED000AEF
:107CE000B0EE480A4946284600F00AF997ED007AB6
:107CF000B7EEC77A8DED027B96ED007AB7EEC77AC4
:107D00008DED007B0022184B184801F00DFA20463B
:107D1000FFF729FFD4ED1A7AB7EEE78A404600F064
:107D200093F90446284600F08FF90190009453EC33
:107D3000182B0F4801F0F8F923B0BDEC028BBDE819
:107D4000F08F00BFF8060020F40600206666863F2C
:107D5000F1060020F006002014000020D8CC000816
:107D6000E0CC0008FC06002000000840ECCC000835
:107D700028CD0008B0070020001002583C07002062
:107D80001C07002008B5034800F000F9024800F085
:107D9000FDF808BD1C070020FC06002070B582B06D
:107DA0000646394800F050F90546384800F04CF9CD
:107DB0000446374B1B7813B1002D4CD00023DBB2A7
:107DC000344A127812B1002C47D00022D2B2324984
:107DD000097809B9134338D02F4B00221A70304666
:107DE000FFF7C1FED6ED1A7A01940095B7EEE77A57
:107DF00053EC172B294801F097F945EA040313F0D7
:107E0000FF0F22D1D6ED1A7A9FED257AF4EEC77ACC
:107E1000F1EE10FA23D49FED237AF4EEC77AF1EE57
:107E200010FA2CDD194E96ED046AB7EEC66A8DED98
:107E3000006BB7EEE77A53EC172B1B4801F074F98F
:107E400096ED040A304600F079F8114B1D70114B85
:107E50001C7002B070BD0123B1E70122B6E70A4EE3
:107E6000D6ED047AB7EEE77A53EC172B0F4801F002
:107E70005BF996ED040A304600F060F8E5E70C483F
:107E800001F0BCF9E1E700BF1C070020FC06002060
:107E9000F1060020F00600201400002028CD000884
:107EA0009A99B9406666C64068CD000848CD00087A
:107EB00090CD0008E8B190ED017AB5EEC07AF1EE10
:107EC00010FA16D9B5EEC00AF1EE10FA11D9C0EECB
:107ED000077A9FED0A7A67EE877AB7EE007AF4EEBA
:107EE000C77AF1EE10FA06D4FCEEE77A17EE900AA4
:107EF000704700207047F0EE477AF5E700007A44BB
:107F00000346D0B1016080ED010A00218160C160AB
:107F1000C0ED040A426100228261027742778277D3
:107F2000B5EEC00AF1EE10FA04D9F5EEC00AF1EE92
:107F300010FA02D800225A601A61704708B590B151
:107F4000026882B1B5EEC00AF1EE10FA0FD9027FD5
:107F50008AB980ED020A80ED030A8261012101776E
:107F60004277827708BD064801F048F9FAE70548EC
:107F700001F044F9F6E7044801F040F9F2E700BFE8
:107F8000A4CD0008B8CD0008CCCD000800285AD0F8
:107F900038B52DED028B04460068C8B3FFF71AFE12
:107FA000237FABB3D4ED047AF5EEC07AF1EE10FA8C
:107FB0002CD9FDF75FFC23681D4693F86A3053BB4C
:107FC000A37F5BBB637F33B1A369C01A6369984227
:107FD0001ED300236377D4ED037AB0EE678AF5EE03
:107FE000C07AF1EE10FA1FD9D4ED047AB4EEE78A24
:107FF000F1EE10FA01D4B0EE678AB0EE480A2046DE
:10800000FFF758FF014690B9207701E0002323775E
:10801000BDEC028B38BD0123A377F9E70023A377DA
:1080200001236377A061F3E700232377F0E7284675
:10803000FFF7BAFDD4ED037A77EEC87AC4ED037A80
:108040000123A377E4E7704738B102682AB1037FC0
:108050002BB992F86A0020B97047002070470120C0
:1080600070470120F8E70000642800D964204FF42D
:10807000965303FB00F0024BA3FB0030400970470E
:108080001F85EB5110B5034B1C68FFF7EDFF206413
:1080900010BD00BFB003002010B5034B1C68FFF7F4
:1080A000E3FFA06310BD00BF4804002010B5034BE0
:1080B0001C68FFF7D9FFE06310BD00BF4804002033
:1080C00010B5034B1C68FFF7CFFF606310BD00BF06
:1080D00064030020054B1A6800231364044A1268E5
:1080E0009363D363034A126853637047B00300205D
:1080F000480400206403002070B5124E0C21304665
:10810000FEF76EF9104C04212046FEF769F90821AC
:108110002046FEF765F90D4D00212846FEF760F96F
:108120002268536C43F4004353643268536C43F445
:10813000004353642A68536C43F400435364FFF7CD
:10814000C9FF70BDB0030020480400206403002074
:10815000014B1878704700BF40080020014B187091
:10816000704700BF400800202DE9F0432DED028B41
:10817000BBB00446B6EE008A374B83ED008A374B1E
:10818000374A1A60374B384A1A60384B384A1A60F7
:10819000384B00221A70384B384A1A60384B394A2B
:1081A0001A60394B394A1A601EAD39492846FFF723
:1081B0008FFA70222946204601F08DFA354F4FF490
:1081C0000043354A35496846FFF7D5FC74252A46F1
:1081D0006946384601F07FFADFF8DC80DFF8DC9092
:1081E0004FF400634A462E496846FFF7C4FC2A460E
:1081F0006946404601F06FFA2A4E4FF480634A46C2
:1082000029496846FFF7B7FC2A466946304601F01F
:1082100062FA4FF47A72F0EE480AB7EE080A414665
:108220002248FFF76DFE4FF47A72F0EE480AB7EE7F
:10823000080A39461E48FFF763FE4FF47A72F0EEE3
:10824000480AB7EE080A31461A48FFF759FE3BB014
:10825000BDEC028BBDE8F0833C080020380800200C
:1082600066666640340800209A995940300800201C
:1082700066662640400800202C0800206666E63F1F
:10828000280800209A99D93F240800206666A63F56
:10829000DCCD00081809002000100258E8CD0008C5
:1082A000F4CD0008A408002000CE000884080020B7
:1082B00064080020440800208C09002000040258B3
:1082C00008B50548FFF762FE0448FFF75FFE044863
:1082D000FFF75CFE08BD00BF640800208408002092
:1082E0004408002038B5414B1B78032B0FD8DFE83A
:1082F00003F0020F21333E4800F080FF3D4B93ED29
:10830000000A3D48FFF71AFE384B01221A7038BDAB
:108310003948FFF799FE0028F9D1384800F06EFF80
:10832000374B93ED000A3748FFF708FE2F4B022228
:108330001A70ECE73348FFF787FE0028E7D1324890
:1083400000F05CFF314B93ED000A3148FFF7F6FD7A
:10835000264B03221A70DAE704462D48FFF774FE15
:108360000028D4D12B4800F049FF2046FFF71EFA21
:10837000D4ED1B7AB7EEE77A53EC172B264800F0C2
:10838000D3FE1A4B04221A70244800F037FF244B06
:108390000022B3F86810586EFDF75CF9214B0022FB
:1083A000B3F86810586EFDF755F91F4B0022B3F86B
:1083B0006810586EFDF74EF900231D4612E0204666
:1083C000FFF7F4F9D4ED1B7AB7EEE77A53EC172BED
:1083D000114800F0A9FE4FF47A70FDF751FA2B46D0
:1083E00001331D46022DEADD91E700BF4008002061
:1083F0000CCE00082C0800206408002054CE000891
:10840000280800208408002078CE000824080020D6
:10841000440800209CCE0008BCCE0008D0CE000846
:10842000180900208C090020A40800200160828027
:108430007047036882889A617047838802681B04CA
:108440009361704708B5FFF745FE094B00221A708B
:10845000084B186808B1FFF7FFFA074B186808B116
:10846000FFF7FAFA054B186808B1FFF7E6FF08BDF9
:10847000280A0020240A0020200A00201C0A0020CC
:1084800008B5DFF870C0CCF800000E4801600E4956
:108490000A600E4A1360029A0D4B1A6000230D4ABF
:1084A00013700D4A13600D4A13700D4A13700D4A74
:1084B00013700D4A13600D4A13600D4A1360FFF7E5
:1084C000C1FF08BD200A00201C0A0020180A002055
:1084D000140A0020300A00202C0A0020290A00205B
:1084E000280A0020040A0020080A00200C0A0020A4
:1084F000100A0020240A002030B585B004460D463D
:10850000204B18600020204B1870FFF727FEFCB1AD
:1085100005B9012529462046FFF782F801461B4B85
:1085200018701B4B01221A7000238DF80F308DF844
:108530000E308DF80D300DF10D0300930DF10E038B
:108540000DF10F022046FFF790F830B905B030BDAD
:108550000F4B1C70FFF776FFF8E794F82E00FFF73B
:10856000AFFD9DF80F00FFF78DFD9DF80E00FFF7A2
:1085700093FD9DF80D00FFF799FD064B01221A703F
:10858000E4E700BF2C0A0020040A0020290A00208A
:10859000300A0020280A0020014B1878704700BFDD
:1085A000300A0020014B1878704700BF280A0020CD
:1085B000014B1868704700BF2C0A002010B5044614
:1085C000084600214FF0FF320CE042F3000E0A4B48
:1085D0000EEA030383EA52020CF1010CBCF1070F0F
:1085E000F3D90131814204D2635C5A404FF0000C50
:1085F000F4E7D04310BD00BF2083B8ED08B51021CB
:10860000FFF7DCFF08BD0000002918BF00281FD0BD
:1086100070B505460E460F4B1A6803F1904303F5FB
:10862000391303F654639A4210D10A4B5B68012B4D
:108630000CD108480469FFF7E1FF844206D1054BDD
:108640009A682A60DB683360012000E0002070BD7A
:108650000020704700001E0870B586B006460D4623
:108660001D4C20220021204600F09AFF1B4B236066
:1086700001236360A660E5602046FFF7BFFF20612D
:10868000FCF79EFC18B10024204606B070BD0446DD
:1086900001A80023019343608360C36003610093DA
:1086A00002230293072303930123049320230593BA
:1086B0006946FCF717FE58B9074A09490120FCF73B
:1086C0003FFD0446FCF7AAFCB4FA84F46409DBE736
:1086D000FCF7A4FCD8E700BF400A0020544E4C50E1
:1086E00000001E08DFF838D0FEF7CEFDFEF754FD7F
:1086F0000C480D490D4A002302E0D458C4500433FD
:10870000C4188C42F9D30A4A0A4C002301E01360D2
:108710000432A242FBD300F0AFFFF8F79FFAFEE766
:108720000000022000000020E001002014D5000815
:10873000E0010020AC0B0020FEE7F0B52DED028B30
:10874000B0EE408B85B017460D9D0C9E18EE902A1A
:1087500025F02005002AB6BF2D220022B1EE408B65
:10876000462D0C461A7004D0452D00D1013402214B
:1087700000E0032103AB019302AB00932246334692
:10878000B0EE480B01F040F8472D0AD1FB0720D589
:108790000219B5EE408BF1EE10FA00D103923021B0
:1087A00014E0462D00EB0402F3D10378302B07D1FF
:1087B000B5EE408BF1EE10FA1CBFC4F10104346039
:1087C00033681A44E5E75C1C03941970039B9342D9
:1087D000F9D3039B0E9A1B1A136005B0BDEC028BF4
:1087E000F0BDF7B50029BABF49422D232B23092933
:1087F000027043702ADD0DF10704871CA6460A2685
:10880000A446B1FBF6F506FB15123032632904F1DC
:10881000FF340CF8012C2946F2DC3031ACF10202B5
:1088200004F8011C411C144672450AD30DF10903DA
:10883000A3EB0C03744588BF00233B44181A03B014
:10884000F0BD12F8013B01F8013FEDE73023303174
:108850008370C170031DF1E72DE9F04F8DB00C4618
:10886000DDF8588016461F46054600F0B5FED0F8E4
:1088700000B05846F7F764FD00230A93D8F800309B
:1088800094F8189022680590073323F0070303F14A
:108890000801C8F8001093ED000B9FED956BB0EE4A
:1088A000C07BB4EE467BF1EE10FA84ED120B2CDDAA
:1088B000B5EEC00BF1EE10FA02D52D2384F843304B
:1088C0008D498E4BB9F1470F8CBF8846984622F0F0
:1088D00004020323236122604FF0000A214600971F
:1088E00033460BAA284600F0C5F9411C00F09481DC
:1088F00023685A0500F18D80236942463146284697
:10890000B847411C40F0AD8086E1B4EE400BF1EE7B
:1089100010FA09D710EE903A002BBCBF2D2384F833
:1089200043307749774BCDE76368591C09F0DF0A7C
:1089300038D10623636042F48062002322600393EF
:108940000AABCDE9019309AB009361680DF12303F4
:108950002846FFF7F2FEBAF1470F0999804628D161
:10896000C81C02DB63688B423FDAA9F102095FFA97
:1089700089F901394A4604F150000991FFF731FFA6
:108980000A9A012A824602EB000322DC2268D10700
:108990001FD423619DF82330002B9FD02D2384F812
:1089A00043309BE7BAF1470FC5D1002BC3D1012358
:1089B000C0E7B9F1650FDCD9B9F1660F17D100290D
:1089C000636808DD13B92268D2071ED501330B4452
:1089D00006E00133DDE713B92268D00717D502336B
:1089E0002361A1654FF0000AD4E74FF067090A9BA5
:1089F0008B4203DC236803F00103E8E70029D4BFBE
:108A0000C1F1020201221344EAE70B46E8E7012321
:108A1000E6E7B9F1650F40F2D98094ED127BB5EE2F
:108A2000407BF1EE10FA32D10123374A3146284615
:108A3000B847431C00F0F080DDE90938434502DB0C
:108A40002368D9070DD55A46059B31462846B847B5
:108A5000421C00F0E18008F1FF384FF00009C845E2
:108A600009DC23689A0700F10081E0680B9B9842BB
:108A7000B8BF1846D0E0012304F11A023146284657
:108A8000B847431C00F0C88009F10109E7E7099BDA
:108A9000002B3BDC31461C4A01232846B847411CC9
:108AA00000F0BA80DDE9093959EA030302D12368ED
:108AB000DA07D6D5059B5A4631462846B847431CA7
:108AC00000F0AA804FF0000A04F11A0B099B5B42E8
:108AD000534501DC4B4610E7314601235A462846F0
:108AE000B847411C00F098800AF1010AEEE700BF88
:108AF000FFFFFFFFFFFFEF7FA8D10008A4D1000810
:108B0000B0D10008ACD10008B7D20008A36DDDF8E1
:108B100028904B45A8BF4B46B3F1000A05DD4246FD
:108B200031462846B847421C76D02AEAEA730793B2
:108B30004FF0000A04F11A02A36D079906935B1A1D
:108B4000534538DC099B994502DC2368D90706D5D3
:108B50005A46059B31462846B847421C5CD0099BC3
:108B6000A9EB030B069BA9EB03039B45A8BF9B4600
:108B7000BBF1000F07DD069A5B46424431462846AA
:108B8000B847431C48D02BEAEB784FF0000A04F1B9
:108B90001A0B099BA9EB0303A3EB080353457FF7CB
:108BA00060AF314601235A462846B847411C33D0AE
:108BB0000AF1010AEDE70123314628460692B8473B
:108BC000431C29D0069A0AF1010AB5E7DDF828907E
:108BD000B9F1010F01DCDA0735D5012342463146F0
:108BE0002846B847431C17D03146059B5A462846AD
:108BF000B847411C10D094ED127BB5EE407BF1EEEE
:108C000010FA09F1FF3919D04B4608F1010231463B
:108C10002846B847431C0DD10DB0BDE8F08F5A4629
:108C2000012331462846B847421CF5D008F1010817
:108C3000C845F4DB534604F150025FE64FF00008EC
:108C400004F11A0BF4E701234246E0E701234A4608
:108C500031462846B847431CDED008F10108E368D6
:108C60000B9A9B1A4345F1DCFFE64FF0000804F134
:108C70001909F4E72DE9F047164699468A680B6909
:108C8000089F9342B8BF1346336091F84320804653
:108C90000C460AB10133336023689D0642BF336836
:108CA00002333360256815F0060506D104F1190A70
:108CB000E36832689B1AAB4228DC94F843302268A0
:108CC000003B18BF0123900629D404F14302494612
:108CD0004046B847421C17D02368A168226903F0B8
:108CE0000603042B01BFE5683368ED1A25EAE57534
:108CF00018BF00258B1A2B449142C8BF1D46002681
:108D00001A34B54217D10020BDE8F0874946012347
:108D100052464046B847411CF6D00135C8E7E11835
:108D20005A1C302081F84300224494F8451082F800
:108D300043100233C9E70123224649464046B8475B
:108D4000431CE1D00136DCE72DE9F04316460A7EEC
:108D500085B0782A1F4605460C9B0C4609D8622A26
:108D600001F1430C0AD8002A00F0EA80582A00F0EA
:108D7000B88004F1420884F842203BE0A2F163018C
:108D80001529F6D801A050F821F000BFE58D0008A4
:108D9000F98D0008738D0008738D0008738D00082D
:108DA000738D0008F98D0008738D0008738D00081D
:108DB000738D0008738D0008218F0008238E000832
:108DC000D58E0008738D0008738D0008498F000848
:108DD000738D0008238E0008738D0008738D0008C2
:108DE000DF8E00081A68111D1960136884F842307C
:108DF00004F142080123B6E01A682068111D1960C9
:108E0000030601D5136803E04106FBD5B2F9003033
:108E1000002B03DA2D225B4284F843205E490A22AC
:108E200012E01A682068111D1960030601D5136845
:108E300002E04106FBD51388227E57496F2A6DD187
:108E40000822002084F84300D4F804E0C4F808E0C5
:108E5000BEF1000FE04606DB206853EA0E0E20F05C
:108E6000040020600AD0B3FBF2F002FB103E9A42ED
:108E700011F80EE008F801ED0346F4D9082A0BD1E9
:108E80002368DA0708D5236962689A42DEBF302377
:108E900008F8013C08F1FF38ACEB080323613346C6
:108EA000009703AA21462846FFF7E4FE431C0ED094
:108EB0003146236942462846B847411C07D02368FB
:108EC0009A0765D4E068039B9842B8BF184605B07E
:108ED000BDE8F083226842F02002226078222F4908
:108EE00000E02D4984F845201868226800F1040E3E
:108EF000C3F800E0130601D5036802E05306FBD572
:108F00000388D00744BF42F0200222600BB1102238
:108F100097E7226822F020022260F8E70A2290E711
:108F20001A68D4F800E06169101D18601EF0800F07
:108F3000136801D0196003E01EF0400FFAD01980C9
:108F400000232361E046AAE71A68111D1960D2F8D0
:108F50000080626800214046F7F7A2F910B1A0EB4B
:108F60000800606063682361002384F8433096E75B
:108F7000012304F1190231462846B847431CA6D004
:108F800008F10108E368039A9B1A4345F0DC99E76E
:108F90004FF00008F6E700BFB4D10008C5D10008C3
:108FA000002310B50446C0E90033C0E904338360F0
:108FB00081814366C2818361194608225C3000F0DA
:108FC000EFFA0D4B63620D4BA3620D4BE3620D4B49
:108FD00023630D4B24629C4206D003F16802944245
:108FE00002D0D0339C4205D104F15800BDE81040B6
:108FF00000F066BB10BD00BFF19300081394000899
:109000004B94000871940008600A0020024A03494A
:10901000034800F06BB800BF1800002025B8000816
:109020002800002041680C4B994210B5044601D03D
:1090300002F0F8FBA168094B994202D0204602F0E9
:10904000F1FBE168064B994204D02046BDE8104090
:1090500002F0E8BB10BD00BF600A0020C80A002073
:10906000300B002010B50A4B0A4A1A600A48002249
:109070000421FFF795FF094801220921FFF790FF1E
:10908000BDE81040064802221221FFF789BF00BF49
:10909000980B00200D900008600A0020C80A0020EC
:1090A000300B0020014800F00CBB00BFA10B0020DA
:1090B000014800F007BB00BFA10B002010B504461B
:1090C000FFF7F0FF236A1BB1BDE81040FFF7F0BFC8
:1090D000044B2362044B1B68002BF5D1FFF7C2FF42
:1090E000F2E700BF25900008980B00202DE9F84317
:1090F0008046894614460026D4E90175013F05D50E
:109100002468002CF8D13046BDE8F883AB89012BE8
:1091100007D9B5F90E30013303D029464046C84778
:1091200006436835EAE700000FB407B5064904AB0B
:10913000086853F8042B8168019301F0E1FE03B045
:109140005DF804EB04B0704724000020F8B5036A12
:10915000846806460F460BB9FFF7B0FF636ED90768
:1091600005D4A3899A0502D4A06D00F0AAFAA389B8
:109170001B0702D52369002B38D12146304600F069
:10918000BBF9002832D04FF0FF3524E0002B04DA81
:10919000A269934218DB0A2916D023685A1C226060
:1091A0001970A36817F8011F013BA3600029EDD1D6
:1091B0008B421DDA0A212246304600F05DF9411C3F
:1091C0000CBF05460A2506E02246304600F054F959
:1091D0000546681CE5D1636EDA0705D4A3899B05B3
:1091E00002D4A06D00F06EFA2846F8BD013FD8E722
:1091F00023680A255A1C22601D70ECE7024B0146C9
:109200001868FFF7A3BF00BF240000200FB407B504
:10921000064904AB086853F8042B4168019302F037
:1092200021F903B05DF804EB04B07047240000207E
:109230002DE9F7431D46544B1F6804460E469046E1
:1092400027B13B6A13B93846FFF738FFB8F1020F70
:109250000AD0B8F1010F05D94FF0FF35284603B009
:10926000BDE8F083002DF7DB636EDA0705D4A38930
:109270009B0502D4A06D00F024FA2146384602F086
:10928000D1FA616B41B104F14403994202D03846EE
:1092900000F0F2FF002363630023A3616360A389EE
:1092A000180603D52169384600F0E6FFA38923F4A8
:1092B0004A6323F00303B8F1020FA3815DD001AB31
:1092C0006A462146384602F0D5FAA3891843A081A0
:1092D00015BB009D284601F01BF8064600284ED11C
:1092E000DDF80090A9453CD14FF0FF35B4F90C30C2
:1092F00043F00202A2810022A26004F14702226030
:10930000226101226261626ED107A7D49B05A5D4B8
:10931000A06D00F0D7F9A1E7002EDBD03B6A13B9AE
:109320003846FFF7CBFEB8F1010F08BFA3892660CE
:1093300004BF43F00103A381B4F90C3013F0080219
:10934000C4E904651DD0DA0741BF00226D42A26066
:10935000A56158BFA560656E15F00105D6D0002542
:109360007CE7484600F0D4FF06460028BCD0A3891D
:1093700043F08003A3814D46D0E70025B6E7A94618
:10938000F5E7A260E7E700BF240000200CB430B589
:10939000154B0C1E1D689DB008DA8B232B604FF017
:1093A000FF301DB0BDE8304002B070474FF0000301
:1093B0001B9318BF0123E31A049307930B4B0290EE
:1093C00006900593209A21AB02A92846019301F04B
:1093D00077FC431CBCBF8B232B60002CE1D0029B8D
:1093E00000221A70DDE700BF240000200802FFFF02
:1093F00010B50C46B1F90E1000F014F90028ABBFFF
:10940000636DA3891B1823F48053ACBF6365A381EC
:1094100010BD2DE9F0411F468B89DB0505460C4642
:10942000164605D5B1F90E100223002200F0E8F827
:10943000A389B4F90E1023F48053A38132463B462E
:109440002846BDE8F04100F0FFB810B50C46B1F970
:109450000E1000F0D5F8B4F90C30421C0BBF23F409
:10946000805343F48053A381A38118BF606510BD6E
:10947000B1F90E1000F0B4B8F8B506460F46144620
:1094800018B1036A0BB9FFF719FEA369A360A3899A
:109490001A0726D5236923B323692068C01A636994
:1094A000834204DC2146304602F0BCF9F8B9A368D7
:1094B000013BA36023685A1C22601F70636901305E
:1094C0008342FDB204D0A389DB0712D50A2D10D147
:1094D0002146304602F0A6F9002818BF4FF0FF35AC
:1094E00007E02146304600F007F80028D4D04FF0BE
:1094F000FF352846F8BD000038B5284B05461868EA
:109500000C4618B1036A0BB9FFF7D8FDB4F90C305B
:10951000190720D4DA0607D409222A6043F0400351
:10952000A3814FF0FF3038BD580711D5616B41B1B1
:1095300004F14403994202D0284600F09DFE002326
:1095400063630022A38962602269226023F02403FE
:1095500043F00803A38123694BB9A38903F4207363
:10956000B3F5007F03D02146284602F0A9F9B4F9EB
:109570000C3013F0010208D00022A260626952424E
:10958000A261226932B10020CDE7990758BF626914
:10959000A260F6E71A06F6D5C0E700BF2400002057
:1095A00002440346934200D1704703F8011BF9E7D8
:1095B00010B50139034632B111F8014F03F8014BE0
:1095C000013A002CF7D11A44002101E003F8011BF5
:1095D0009342FBD110BD0000004870476401002099
:1095E00038B5064C0023054608462360FDF7ACFE5F
:1095F000431C02D1236803B12B6038BD9C0B0020B3
:1096000038B5074C054608461146002222601A4626
:10961000FDF7A4FE431C02D1236803B12B6038BDC3
:109620009C0B002038B5074C054608461146002221
:1096300022601A46FDF76AFE431C02D1236803B17B
:109640002B6038BD9C0B002038B5074C05460846FA
:109650001146002222601A46FDF768FE431C02D123
:10966000236803B12B6038BD9C0B0020014B1868A8
:10967000704700BF2400002070B50D4B0D4C002634
:109680001D1BB6EBA50F09D102F044FE0A4C0B4B93
:1096900000261D1BB6EBA50F05D170BD54F8043B89
:1096A00098470136EDE754F8043B98470136F1E757
:1096B0000CD500080CD500080CD5000810D5000802
:1096C000704770477047034611F8012B03F8012BD0
:1096D000002AF9D170470A44914200F1FF3300D1CA
:1096E000704710B511F8014B03F8014F9142F9D1C1
:1096F00010BD2DE9F74F03690C69A34280467EDB5C
:10970000013C01F11407A30000F11405009305EBDF
:109710008403019357F8243055F8242001339A42EA
:1097200007EB8409B2FBF3F62ED34FF0000ABC46D8
:10973000AE46D3465CF8043B98B206FB00A0020C90
:109740001B0C06FB0323DEF8002080B292B2121A33
:109750005A44DEF800004FEA134A9BB2C3EB22439F
:1097600003EB104392B242EA0342E1454EF8042B68
:109770004FEA234BDED2009BEB582BB9019B1A1FFB
:10978000954230D3C8F81040404601F029F900282E
:1097900025DB01362946002057F8042BD1F800C0FC
:1097A0001FFA82FE1FFA8CF3A3EB0E030344120C84
:1097B000C2EB234202EB1C429BB243EA0243B9458F
:1097C00041F8043B4FEA2240E6D255F8242005EB4D
:1097D000840322B9043B9D420BD3C8F810403046A5
:1097E00003B0BDE8F08F1368002BCBD1043A013CE5
:1097F000C6E71A68002AF0D1043B013CEBE70020E1
:10980000EEE70000000000002DE9F04F2DED028B87
:1098100091B08DED080B0792C2691C9E059155EC25
:10982000104B83460D9382B9102000F071FD024663
:10983000CBF81C0020B9AC4BEF21AC4802F03CFA4D
:109840000023C0E901330360C360116859B1526855
:109850004A60012393408B60584600F04DFEDBF8D0
:109860001C3000221A602F1EB5BF01230023336075
:1098700033609F4BBCBF27F000470997BB4312D111
:109880000D9AC7F3130742F20F732743136000F0DA
:10989000BE841D9BDFF86C92002B00F0C08409F1A0
:1098A000030300F0BABC9DED088BB5EE408BF1EEE2
:1098B00010FA0BD10D9A012313601D9B13B11D9A51
:1098C0008C4B1360DFF8409200F0A9BC0EAA0FA9E0
:1098D0005846B0EE480B01F037F93B0D0E9A019057
:1098E00043D0B0EE487BC7F3130747F07F5747F4E8
:1098F0004017A3F2FF33002506EE903A07EE907A68
:109900009FED735BB8EEE64BB7EE086B37EE467B28
:109910009FED716BA7EE056B9FED715BB0EE467B23
:10992000A4EE057BFDEEC76BB5EEC07BF1EE10FA41
:1099300016EE908A08D5B8EEE66BB4EE476BF1EE02
:1099400010FA18BF08F1FF38B8F1160F2BD86A4982
:1099500001EBC80191ED007BB4EEC78BF1EE10FA7C
:1099600001D508F1FF3800211EE00F9B134403F2DC
:1099700032412029C1BFC1F140018F4003F21241A1
:1099800024FA01F1D6BFC1F12001394304FA01F1F3
:1099900007EE901AB8EE677B013B17EE907A01252F
:1099A000A7F1F877A8E70121D21A531E029343BF0B
:1099B0000023C2F1010A02934FF0000AB8F1000F30
:1099C0000B9118DB029BCDF82880434402930023BF
:1099D000059A092A42D8052AC4BF043A0592059A75
:1099E000A2F10202CCBF00240124032A42D8DFE8FE
:1099F00002F0313314090022AAEB080AC8F100036F
:109A00000A92E5E701220692079A4244571C012F69
:109A100004923A46B8BF012206E001220692079A54
:109A2000002A2ADD04921746DBF81CC0002104201E
:109A300000F11406964225D9CCF804105846039339
:109A400000F01CFD039B8146F8B92C4B024640F206
:109A5000AF11F2E60022E1E70022D4E70124002260
:109A6000CDE905244FF0FF320021049217460791FB
:109A70001222D9E701220692F4E701220492174646
:109A80000792D1E701314000D2E7DBF81C200E2F0E
:109A9000106073D8002C71D0B8F1000F40F3AB8088
:109AA000154A08F00F0102EBC10218F4807F92ED15
:109AB000006B4FEA281100F09A80114A92ED087B62
:109AC00001F00F01032288EE075B0D4827E000BF7D
:109AD00061436F63A787D23FB3C8608B288AC63FB4
:109AE000FB799F501344D33FE3D10008FAD100081B
:109AF0000000F07FB8D2000838D300083CD200083C
:109B000010D30008DFD10008B7D20008CE0704D573
:109B100090ED007B013226EE076B491008300029DA
:109B2000F4D185EE067B0B99002940F08380CDF8B7
:109B30000C803E4606EE902AB1EE0C5BB8EEE66B6A
:109B4000A6EE075B15EE902A51EC150BA2F15071B1
:109B500041EC160B002E40F08580B1EE045B37EE31
:109B6000457BB4EEC67BF1EE10FA00F35B82B1EEFA
:109B7000466BB4EEC67BF1EE10FA1ED40F9A002AA3
:109B8000C0F22681B8F10E0F00F322818E4B03EB59
:109B9000C80393ED007B079B002B80F2D480002F3D
:109BA00000F3D18009D1B1EE046B27EE067BB4EE51
:109BB000C78BF1EE10FA00F2328200263546079B81
:109BC000DB4303934C4600273146584600F094FC93
:109BD000002D00F0A5802FB1AF4203D03946584682
:109BE00000F08AFC2946584600F086FC98E00222E4
:109BF000B0EE485B69E719D0C8F10001724A01F084
:109C00000F0002EBC00292ED007B704828EE077B4C
:109C100009110222002986D0CC0704D590ED006BF3
:109C2000013227EE067B49100830F3E70222B0EE3E
:109C3000487B78E7B7EE006BB4EEC67BF1EE10FA26
:109C40007FF575AF002F3FF472AF0499002995DDC1
:109C5000B2EE046B27EE067B08F1FF31049E039100
:109C6000013267E7584A02EBC60212ED024B069A30
:109C700009EB06014AB3B6EE003BB7EE002B4C46AB
:109C800083EE045BB2EE043B35EE466BFDEEC74B54
:109C900014EE902AB8EEE45B303237EE457BB4EE3A
:109CA000C67BF1EE10FA04F8012B39D432EE475B93
:109CB000B4EEC65BF1EE10FA6ED48C423FF45EAFA8
:109CC00026EE036B27EE037BE0E7484624EE065BB7
:109CD000B2EE043BFDEEC74B14EE902A303200F892
:109CE000012B8842B8EEE46B37EE467B28D1B6EE06
:109CF000006B35EE064BB4EEC47BF1EE10FA09EBC7
:109D0000060449DC36EE456BB4EEC67BF1EE10FA84
:109D10007FF534AF234614F8012D302AFAD01C46C3
:109D20000199584600F0E8FB00232370039B0D9A2D
:109D3000013313601D9B002B00F071821C606EE2EA
:109D400027EE037BC6E74C46B2EE045B88EE076B5A
:109D5000BDEEC66B16EE103A303304F8013BA4EBAF
:109D600009039F42B8EEC64BA4EE478B23D138EED1
:109D7000088BB4EEC78BF1EE10FA0BDCB4EE478B18
:109D8000F1EE10FA02D0CDF80C80C9E716EE103AC9
:109D9000DB07F8D5CDF80C8023461C4613F8012DBF
:109DA000392A05D19945F8D1039A0132039230221C
:109DB00001321A70B4E728EE058BB5EE408BF1EE58
:109DC00010FAC3D1DFE700BF38D3000810D3000872
:109DD0000699002900F0D1800599012900F3B68089
:109DE000002D00F0AF8002F233421E46544603932A
:109DF000029B0121134458460293924400F052FC06
:109E0000039B05468CB1029A0298A242A8BF224643
:109E1000AAEB02010028C8BF8A46A4EB0201A0EB0E
:109E20000202D4BF02460C4602920BB3069A002AE5
:109E300000F0AA80002E00F0A48029463246584641
:109E40000C9300F001FD019A01460546584600F0CA
:109E50003FFC01990390584600F04EFB0C9B9B1B66
:109E600000F0958003991A46584600F0EDFC0190E9
:109E70000121584600F016FC0A9B0646002B00F014
:109E8000D4811A460146584600F0DEFC059B012BA2
:109E9000064600F39480089B002B7BD000230C9394
:109EA0000A9B002B00F0C781336906EB8303186916
:109EB00000F08AFBC0F12000029B184410F01F0044
:109EC00000F084801B287DDCC0F11C008244044427
:109ED00003440293BAF1000F05DD0199524658463A
:109EE00000F00EFD0190029B002B05DD31461A4665
:109EF000584600F005FD06460B9B002B6BD00198E1
:109F0000314600F06DFD002865DA08F1FF33039358
:109F1000019900230A22584600F010FB069B01908D
:109F2000002B00F08A81002329460A22584600F0BF
:109F300005FB049B002B054602DC059B022B6CDC19
:109F4000049F75E00E9AC2F136024EE77E1EB342C0
:109F500006DB002FA3EB06060BDB54463A4646E72A
:109F60000A9AF31A1A440A92334654463A4600268D
:109F70003DE7AAEB0704002239E7069D1E4654463A
:109F800040E7019A03926DE701991A466CE7039B3B
:109F900001936DE7099BC3F31303002B7FF47EAF9E
:109FA000099B23F000431B0D1B05002B3FF476AFEC
:109FB000029B013302930AF1010A01236FE7002398
:109FC0000C9371E71C2885D0C0F120001C30029B47
:109FD000824404447CE7002FCDF80C8024DC059BF0
:109FE000022B21DD002F7FF4EAAD31463B460522EE
:109FF000584600F0A3FA01460646019800F0F0FC2E
:10A00000B8427FF7DCAD4C46312304F8013B039B9B
:10A0100001330393D7E5049FE1E7049FE2E7CDF81E
:10A020000C803E463546EEE7069B002B00F00A8189
:10A03000002C05DD29462246584600F061FC054605
:10A040000C9B002B5AD06968584600F017FA04465A
:10A0500028B9874B024640F2EF21FFF7EEBB2A6991
:10A060000232920005F10C010C30FFF734FB0122A3
:10A070002146584600F044FC09F10103029307EB26
:10A0800009030A93089B03F001032F460793054633
:10A09000029B0198013B31460493FFF72AFB3946A6
:10A0A000069000F1300A019800F09AFC2A4680469A
:10A0B0003146584600F0B0FCC268044602BB014677
:10A0C000019800F08DFC024621465846089200F0A7
:10A0D00013FA059B089A029C42EA0301079B194365
:10A0E00010D1BAF1390F2BD0B8F1000F02DD069B69
:10A0F00003F1310A049B83F800A065E52846BBE71D
:10A100000122E1E7B8F1000F06DB059B48EA0308EE
:10A11000079B58EA030820D1002AEBDD01990122B0
:10A12000584600F0EDFB3146019000F059FC002844
:10A1300003DCDFD11AF0010FDCD0BAF1390FD6D130
:10A14000049A3923137023461C46013B14F8012C52
:10A15000392A53D001321A7036E5002A07DDBAF1E8
:10A16000390FEDD0049A0AF1010313702CE5029B1C
:10A170000A9A03F801AC93422AD0019900230A22DB
:10A18000584600F0DBF9AF4201904FF000034FF06A
:10A190000A023946584607D100F0D0F9074605466D
:10A1A000029B0133029373E700F0C8F92946074682
:10A1B00000230A22584600F0C1F90546F0E7002FB7
:10A1C00007F1FF3409F10102D8BF0024144400272D
:10A1D00001990122584600F093FB3146019000F0AE
:10A1E000FFFB0028AFDC02D11AF0010FABD12346F0
:10A1F0001C4613F8012D302AFAD0E5E49945A3D185
:10A20000039B01330393312389F80030DCE41D9B69
:10A21000DFF860901BB109F108031D9A13604846EE
:10A2200011B0BDEC028BBDE8F08F059B012B7FF7D1
:10A2300032AE0A9B0C9301203EE6049B002B7FF775
:10A24000EAAE1F464C4601983146FFF752FA00F13C
:10A25000300A04F801ABA4EB09029742AFDD019983
:10A2600000230A22584600F069F90190EBE700BF8D
:10A270003CD20008D6D1000837B5002944D051F8A7
:10A28000043C0190002BA1F10404B8BFE41800F0D5
:10A29000E9F81E4A0198136833B96360146003B08B
:10A2A000BDE8304000F0E4B8A34208D92568611940
:10A2B0008B4201BF19685B6849192160EDE71A46B6
:10A2C0005B680BB1A342FAD911685518A5420BD1AE
:10A2D000246821445418A3421160E0D11C685B68D3
:10A2E00053600C441460DAE702D90C230360D6E70C
:10A2F000256861198B4204BF19685B68636004BFFD
:10A30000491921605460CAE703B030BDA80B002092
:10A31000024B0146186800F025B800BF2400002059
:10A3200070B50F4C0E462168054611B901F0B4FC1A
:10A3300020603146284601F0AFFC431C0ED0C41CFF
:10A3400024F00304A04207D0211A284601F0A4FCFF
:10A35000013008BF4FF0FF34204670BD0446FBE7D4
:10A36000A40B00202DE9F843CD1C25F0030508358A
:10A370000C2D38BF0C25002D064601DBA94205D95E
:10A380000C23336000273846BDE8F883DFF8D0801F
:10A3900000F068F8D8F800301C4644BB2946304627
:10A3A000FFF7BEFF431C044658D1D8F800402746AB
:10A3B000002F43D1002C4BD023683946304604EBA4
:10A3C000030901F069FC814542D121686D1A2946D3
:10A3D0003046FFF7A5FF01303AD023682B442360B5
:10A3E000D8F800305A6862BBC8F800700FE02268E5
:10A3F000521B20D40B2A17D96119A342256018BF1C
:10A400005960636808BFC8F8001062514B6030465D
:10A4100004F10B0700F02CF827F00707231DFA1AA8
:10A420001CBFDB1BA350AEE76268A3420CBFC8F899
:10A4300000205A60EBE723466468AEE73C467F683D
:10A44000B6E71A465B68A342FBD100235360DEE700
:10A450000C233360304600F00BF894E70560D6E734
:10A46000A80B00200148FFF72CB900BFA00B00206B
:10A470000148FFF727B900BFA00B002070B5C469E1
:10A4800005460E4684B91020FFF742FF0446E861F6
:10A4900028B90246164B17486B2101F00DFC00232A
:10A4A000C0E901330360C360E06840B921220421A0
:10A4B000284601F01FFCEB69E060D86848B100EB6A
:10A4C000860350F8260028B102681A600023C0E90C
:10A4D000033370BD012101FA06F4621D9200284683
:10A4E00001F008FC0028F4D0C0E90164EEE700BFE9
:10A4F000E3D100084DD2000870B5C46906460D4688
:10A5000074B91020FFF704FF0246F06120B9094B2F
:10A5100009488F2101F0D0FBC0E901440460C46008
:10A520003DB1F3696A68DB6853F82210296043F88B
:10A53000225070BDE3D100084DD200082DE9F04152
:10A540000D6907460C461E4601F1140C0020DCF88C
:10A55000003099B202FB01611E0C0B0C02FB0633AA
:10A5600089B2013001EB034185424CF8041B4FEAEC
:10A570001346ECDC0EB3A368AB4219DC61683846C5
:10A580000131FFF77BFF804628B902460C4B0D488E
:10A59000BA2101F091FB2269023204F10C01920010
:10A5A0000C30FFF798F821463846FFF7A5FF4446E0
:10A5B00004EB850301355E6125612046BDE8F0812D
:10A5C0003CD200084DD20008B0F5803F034636BFAC
:10A5D00003040020102000F10802B3F1807F38BF8F
:10A5E00010464FEA032238BF1346B3F1805F00F1F3
:10A5F000040238BF10464FEA031238BF1346B3F1C6
:10A60000804F00F1020238BF10464FEA830238BF84
:10A610001346002B04DB5B0001D50130704720207E
:10A620007047036813F0070210B501460BD0DC0732
:10A6300034D4980749BF5B089B080B6001205CBFBE
:10A640000B60022010BD98B230BB1B0C1020DCB296
:10A6500000F10802002C08BF10464FEA132208BF81
:10A66000134613F00F0400F1040208BF10464FEA2E
:10A67000131208BF134613F0030400F1020208BFCF
:10A6800010464FEA930208BF1346DA0702D45B086C
:10A6900006D001300B60D5E71046D8E70020D1E79F
:10A6A0002020CFE710B50C460121FFF7E7FE024658
:10A6B00028B9054B054840F2451101F0FDFA012388
:10A6C0004461036110BD00BF3CD200084DD20008B8
:10A6D0002DE9F04F13690C699C42B4BF16460E4633
:10A6E0009C42B4BF9946A1469C42B4BFA04698463E
:10A6F0009C42B4BF0D461546B368716809EB080764
:10A70000BB4285B0B8BF0131FFF7B8FE30B9024691
:10A710004B4B4C484FF4B17101F0CEFA00F11404E8
:10A7200004EB870B234600225B4522D305F114017D
:10A7300001EB880306F1140C0CEB890C039306F172
:10A7400015039C4534BF002301230093ACEB0603A3
:10A75000153B9B080193039B029199420CD3002F58
:10A7600003DD5BF8043D002B67D0076105B0BDE851
:10A77000F08F43F8042BD7E7B1F800A0BAF1000F2F
:10A7800028D006F11408A1464FF0000E58F8042B0B
:10A79000D9F8003095B29BB20AFB0533D9F80050C6
:10A7A000120C2D0C73440AFB025505EB13459BB2AA
:10A7B00043EA0543C44549F8043B4FEA154EE5D842
:10A7C000009A019B002A4FEA830308BF0023234419
:10A7D000C3F804E0029BB3F802E00431BEF1000FBD
:10A7E00029D0236806F114059846A1464FF0000AC7
:10A7F0002A880EFB02A202EB18429BB243EA0243F4
:10A8000049F8043B55F8043BD9F800804FEA134A55
:10A810001FFA88F30EFB0A3303EB1243AC454FEAF1
:10A82000134AE5D8009D019A002D4FEA820208BF25
:10A8300000222244536004348DE7013F8FE700BFBC
:10A840003CD200084DD200082DE9F843174612F01B
:10A85000030280460D4607D0264C013A002354F8E7
:10A860002220FFF76BFE0546BF103FD0D8F81C40F2
:10A8700094B91020FFF74CFD0446C8F81C0030B90D
:10A8800002461D4B1D4840F2B31101F015FA00239A
:10A89000C0E901330360C360A66846B940F2712184
:10A8A0004046FFF7FFFE0023A060064603602C46EB
:10A8B0004FF0000907F001037F1053B129463246DB
:10A8C0004046FFF705FF214605464046FFF714FEC8
:10A8D00067B1306838B9324631464046FFF7F8FE76
:10A8E0003060C0F8009006462C46E3E72846BDE8F5
:10A8F000F88300BF04D30008E3D100084DD200085C
:10A900002DE9F84F0C4649682569A36805EB6215E7
:10A91000074691464FEA621A05F1010843450BDBF1
:10A920003846FFF7ABFD064648B902462A4B2B488E
:10A930004FF4EF7101F0C0F901315B00EEE700F177
:10A94000140100230A461846534538DB20692AEAD9
:10A95000EA7A01EB8A0104F1140319F01F098C460D
:10A9600003EB80002FD0C9F1200A4FF0000E1A68C7
:10A97000E34602FA09F242EA0E02CBF8002053F84D
:10A98000042B98420CF1040C22FA0AFEEFD8031BA8
:10A99000153B23F0030304F11502824288BF002314
:10A9A0001944BEF1000F18BF4546C1F804E038460F
:10A9B00035612146FFF7A0FD3046BDE8F88F42F82B
:10A9C000040B0133C0E753F8041BCCF80010984285
:10A9D0000CF1040CF7D8EAE73CD200084DD200088D
:10A9E00003690A699B1A30B50ED11430143100EB9B
:10A9F000820401EB820154F8045D51F8042D954264
:10AA000004D006D24FF0FF33184630BDA042F2D337
:10AA1000FAE70123F8E700002DE9F74F8A460646DA
:10AA2000114650461446FFF7DBFF051E12D129469A
:10AA30003046FFF723FD024628B9414B40F237214B
:10AA4000404801F039F90123C0E90435104603B04C
:10AA5000BDE8F08FBCBF5346A2463046DAF804107A
:10AA6000BABF1C4601250025FFF708FD024618B9AC
:10AA7000334B40F24521E3E7DAF810702669C560F0
:10AA80000AF1140904F1140E00F114050AF110037F
:10AA900009EB87080EEB86060193AB464FF0000CDE
:10AAA000019B5EF8040B53F804AF01931FFA8AF17F
:10AAB00083B2CB1A000C6344C0EB1A4000EB234076
:10AAC0009BB243EA004376454BF8043B4FEA204CE7
:10AAD000E6D8331B153B153423F00303B44288BF7B
:10AAE0000023E8184B441C1D04302646A5EB09053D
:10AAF00046450ED308F10301091B21F00301013380
:10AB0000984538BF0021014451F8043DABB11761AD
:10AB10009CE706EB050E56F8041BE2464FEA114986
:10AB20001CFA81FC514409EB2C4989B241EA0941E4
:10AB30004FEA294CCEF80010DAE7013FE4E700BF06
:10AB40003CD200084DD200082DE9F7430F46012101
:10AB500059EC108B1646FFF791FC054630B90246BA
:10AB6000234B244840F20F3101F0A6F8C9F30A54F0
:10AB7000C9F313030CB143F480130193B8F100033C
:10AB800023D068460093FFF74CFD0099D8B1019A95
:10AB9000C0F1200302FA03F30B43C2406B61019240
:10ABA000019BAB61002B0CBF012102212961A4B1E3
:10ABB000A4F2334404443C60C0F1350030602846C0
:10ABC00003B0BDE8F0836961EAE701A8FFF729FD5A
:10ABD000019B6B6120300121E8E705EB8103A0F2C6
:10ABE000324038601869FFF7EFFCC0EB4110E5E731
:10ABF0003CD200084DD200082DE9F047D1F808A05A
:10AC00009A4507460C4690461D4656D8B1F90C3079
:10AC100013F4906F4FD062690969266802EB420213
:10AC2000761A02EBD27205F1010C5210B44494452D
:10AC300094BF9146E146944588BF62465B0528D59E
:10AC40001146FFF78FFB824660B321693246FEF75B
:10AC500042FDA38923F4906343F08003A3810AEBB0
:10AC60000603A9EB0606C4F810A02360C4F81490EC
:10AC7000AA46A66020682A46414600F0D1FFA36894
:10AC8000A3EB0A03A36023682B4423600020BDE8E4
:10AC9000F08701F055F882460028E0D12169384656
:10ACA000FFF7EAFA0C233B60A38943F04003A3813A
:10ACB0004FF0FF30EBE75546DCE79A46DAE7000055
:10ACC0002DE9F0471F468B891B069CB006460D46B2
:10ACD000144610D50B6973B94021FFF743FB286078
:10ACE000286130B90C2333604FF0FF301CB0BDE851
:10ACF000F08740236B610023099320238DF82930CE
:10AD000003973023664F8DF82A304FF00108234611
:10AD10001A7899461AB1252A03F10103F8D1B9EB43
:10AD2000040A0BD05346224629463046FFF764FFFB
:10AD3000013000F0A580099A5244099299F8003038
:10AD4000002B00F09D8000224FF0FF33CDE905324B
:10AD500009F10109049207928DF853201A924C468A
:10AD6000052214F8011B4E48F5F79AFA049AD0B957
:10AD7000D00644BF20238DF85330110744BF2B2346
:10AD80008DF8533099F800302A2B13D007994B4691
:10AD900000204FF00A0C1A78303A092A1C464DD987
:10ADA000A8B1079113E0C01B08FA00F0104304900B
:10ADB000A146D4E7039B191D1B680391002BBBBF61
:10ADC0005B4242F0020207930793B8BF04922378D4
:10ADD0002E2B0DD163782A2B35D1039B1A1D1B68AE
:10ADE0000392002B04F10204B8BF4FF0FF33059328
:10ADF000DFF8BC90217803224846F5F751FA38B1C4
:10AE0000049BA0EB090040228240134301340493C9
:10AE1000217824488DF828100622F5F741FA0028F9
:10AE200034D0214810BB039B073323F007030833BA
:10AE30000393099B03440134099368E701330CFB36
:10AE400001210120A7E70022601C13464FF00A0CE5
:10AE5000017830390929044603D9002A08BF13466E
:10AE6000C5E701300CFB03130122F1E703AB0093AC
:10AE70002A460E4B04A93046FDF7EEFC421CD8D101
:10AE8000AB895B063FF530AF09982FE703AB009322
:10AE90002A46064B04A93046FDF756FFEEE700BFF1
:10AEA00090D200089AD2000859880008F9AB00082F
:10AEB00096D200089368013B10B4936007D594695B
:10AEC000A34201DB0A2902D110BCFEF7D5BA1368F0
:10AED000581C10601970084610BC7047F8B506463B
:10AEE0000F461446D518AC4201D1002007E014F8F3
:10AEF000011B3A463046FFF7DDFF431CF3D1F8BD96
:10AF00002DE9F04706469CB00D4614461F4618B181
:10AF1000036A0BB9FEF7D2F86B6ED90705D4AB897B
:10AF20009A0502D4A86DFEF7CCFBAB891B0701D5AF
:10AF30002B699BB929463046FEF7DEFA70B16B6E7D
:10AF4000DE0702D4AB899C0504D54FF0FF301CB05E
:10AF5000BDE8F087A86DFEF7B5FBF6E7002309937F
:10AF600020238DF82930039730236B4F8DF82A303A
:10AF70004FF0010823461A7899461AB1252A03F1A1
:10AF80000103F8D1B9EB040A0BD0534622462946F7
:10AF90003046FFF7A3FF013000F0A580099A524424
:10AFA000099299F80030002B00F09D8000224FF0AC
:10AFB000FF33CDE9053209F10109049207928DF8BA
:10AFC00053201A924C46052214F8011B5248F5F7FB
:10AFD00067F9049AD0B9D00644BF20238DF85330C6
:10AFE000110744BF2B238DF8533099F800302A2BDA
:10AFF00013D007994B4600204FF00A0C1A78303ACC
:10B00000092A1C464DD9A8B1079113E0C01B08FAC4
:10B0100000F010430490A146D4E7039B191D1B6860
:10B020000391002BBBBF5B4242F0020207930793E0
:10B03000B8BF049223782E2B0DD163782A2B35D1FB
:10B04000039B1A1D1B680392002B04F10204B8BF76
:10B050004FF0FF330593DFF8D09021780322484664
:10B06000F5F71EF938B1049BA0EB0900402282409D
:10B07000134301340493217828488DF828100622C0
:10B08000F5F70EF900283DD0254810BB039B073388
:10B0900023F0070308330393099B03440134099306
:10B0A00068E701330CFB01210120A7E70022601CA7
:10B0B00013464FF00A0C017830390929044603D9A8
:10B0C000002A08BF1346C5E701300CFB0313012219
:10B0D000F1E703AB00932A46124B04A93046FDF773
:10B0E000BBFB431CD8D16B6ED90705D4AB899A053D
:10B0F00002D4A86DFEF7E6FAAB895B063FF525AFF3
:10B10000099824E703AB00932A46064B04A930466E
:10B11000FDF71AFEE5E700BF90D200089AD20008BA
:10B1200059880008DDAE000896D200082DE9F04FDE
:10B130001E464B6E8046D807ADF5237D0D469246E0
:10B1400005D48B89990502D4A86DFEF7BAFA01AB34
:10B1500000224693CDE94422A14BA093DFF88CB2A4
:10B16000A04BA1936F4600969AF80090B9F1000F9A
:10B1700000F06B811BF8093013F008030AF1010697
:10B1800018D06B68002B04DCA19B294640469847E9
:10B1900028B92B681A781BF80220120701D4B2468E
:10B1A000E2E7459A013245926A680133013A6A60E2
:10B1B0002B60E6E7B9F1250F40F08580439341937A
:10B1C0009AF801302A2B03D1102341930AF1020689
:10B1D0000A2205E0439B02FB031130394391564696
:10B1E000B2461AF8011BA1F13003092BF2D97E48AF
:10B1F0000322F5F755F838B17B4B419AC01A012369
:10B20000834013434193564616F8013B782B07D8E9
:10B21000572B0AD8252B56D050D8002B00F0C680CB
:10B22000032347930A23429378E0A3F15802202A8C
:10B23000F6D801A151F822F0FFB2000821B20008AF
:10B2400021B200086BB3000821B2000821B2000847
:10B2500021B2000821B2000821B2000821B2000882
:10B2600021B2000881B3000867B30008C3B2000828
:10B27000C3B20008C3B2000821B2000815B3000829
:10B2800021B2000821B2000821B2000821B2000852
:10B2900091B300085FB30008F7B2000821B20008BC
:10B2A00021B200088DB3000821B2000867B300087E
:10B2B00021B2000821B20008FFB20008453B022B72
:10B2C000AED8052329E06B68002B06DCA19B29463C
:10B2D00040469847002840F091802B681A784A45EC
:10B2E00040F0B38001336A682B60459B013A01331B
:10B2F0006A60459353E7419A42F020024192419A95
:10B3000042F40072419210226F2B429234BF032309
:10B31000042302E000234293032347936B68002B2E
:10B3200005DCA19B294640469847002866D1419BF1
:10B330005B0605D42B681A781BF80220140744D446
:10B34000479B022B6DDC3B462A4641A9404600F054
:10B350009DF8012879D002287FF421AF4EE0082320
:10B3600042930423D9E70A22CEE7314601A800F030
:10B3700061FB419B43F04003419306460123CCE728
:10B38000419B43F0400341930023C6E70223C4E7F7
:10B390004198C3063FF503AF3B68459A191D3960D4
:10B3A0001B68C4074CBF1A801A60F8E66B6ED8079A
:10B3B00005D4AB89990502D4A86DFEF783F94FF047
:10B3C000FF300DF5237DBDE8F08F459A013245929F
:10B3D0006A68013A002A6A600ADD01332B60A9E736
:10B3E00021BB000851B9000896D2000801D400081A
:10B3F000A19B29464046984700289BD06B6ED807F2
:10B4000005D4AB89990502D4A86DFEF75BF9449881
:10B410000028D4D0AB8913F0400F18BF4FF0FF3095
:10B42000CFE7042B06DC3B462A4641A9404600F004
:10B4300087F88EE70A4B002B3FF4B1AE3B462A4615
:10B4400041A94046AFF3008083E76B6EDA0705D46D
:10B45000AB899B0502D4A86DFEF734F94498B0E798
:10B46000000000002DE9F04104460D4616461F4637
:10B4700018B1036A0BB9FDF721FE3B463246294657
:10B480002046BDE8F041FFF751BE00002DE9F8432A
:10B4900015468A6880460C4632B98A69002A14BF6C
:10B4A0004FF0FF3201228A602268D10603D41A6865
:10B4B000111D19601668DFF884900027A06988B113
:10B4C000012807D12B681A7863699B5C53B9002F58
:10B4D00032D023E0022821D12B681B7819F80330E1
:10B4E0001B071BD42368DA065EBF2B681B7806F89F
:10B4F000013B6B68013B6B602B6801332B60A368D9
:10B50000013B0137A3604BB16B68002BD6DCD4F84C
:10B5100080312946404698470028CFD0236813F051
:10B52000100305D1E2680132E260A26902B1337012
:10B5300023693B4423610020BDE8F88301D400085F
:10B540002DE9F04F9946704B0C468246164693E81B
:10B55000070087B003AB83E807006C4BA1696C4A16
:10B56000032908BF1A46A36801925A1EB2F5AE7F9E
:10B5700084BF6FF4AE7503EB0508274684BF40F225
:10B580005D13A36057F81C3B43F4506398BF4FF022
:10B59000000823603D464FF0000B316803AB09788B
:10B5A00053F82B000222F4F77BFE20B3BBF1010F0E
:10B5B00054D162682AB92268082142F4007261609D
:10B5C0002260226822F4A0622260A268511EA1605B
:10B5D0008AB13268511C3160127805F8012B72680B
:10B5E000013A002A726006DCD4F8802131465046C8
:10B5F000904700287DD10BF1010BBBF1030FCCD19B
:10B60000616809B90A216160424B6069591A00F00A
:10B6100011FA4FF0000BA368002B3BD03168626930
:10B620000878125C002A35D03028226824D1100511
:10B6300022D50BF1010BB8F1000F03D0013308F153
:10B64000FF38A3607368013B002B73601BDD336818
:10B6500001333360A368013BA360DCE7BBF1020F59
:10B66000B3D1226802F4C061B1F5007FC8D11021C6
:10B67000616042F48072A7E722F4106222600B78C6
:10B6800005F8013BDEE7D4F8803131465046984753
:10B690000028DFD02368DB050BD5BD4207D915F89C
:10B6A000011CD4F87C31324650469847013DBD42DA
:10B6B00027D0226812F0100212D12A706368019E0E
:10B6C00039465046B047D9F8003021681A1DC9F8EC
:10B6D00000208E061B680FD51860E3680133E36015
:10B6E0002369ED1B5D442B442361002007B0BDE8B6
:10B6F000F08F4FF0000BCDE7CA074CBF18801860E1
:10B70000EBE70120F2E700BF30C3000891BE00085C
:10B7100071BF0008B1D20008B1F90C202DE9F04149
:10B72000170705460C4658D44B68002B02DC0B6CFF
:10B73000002B01DDE66A16B90020BDE8F081002388
:10B7400012F480522F682B6033D0606DA3895907A3
:10B7500005D56368C01A636B0BB1236CC01A02462F
:10B760000023E66A216A2846B047421CB4F90C302F
:10B7700006D129681D292CD8294ACA40D60728D5C0
:10B7800000226260D9042269226004D5421C01D1E2
:10B790002B6803B96065616B2F600029CCD004F180
:10B7A0004403994202D02846FEF766FD00236363F6
:10B7B000C2E7216A01232846B047461CC6D12B6840
:10B7C000002BC3D01D2B01D0162B01D12F60B3E766
:10B7D000A38943F04003A381AFE70F69002FABD0EB
:10B7E00093070E6808BF4B690F6018BF0023A6EBD4
:10B7F00007088B60B8F1000F9EDD216AA66A4346F8
:10B800003A462846B047002806DCA38943F04003A7
:10B81000A3814FF0FF3090E70744A8EB0008E9E769
:10B820000100402038B50B6905460C4613B91D468A
:10B83000284638BD18B1036A0BB9FDF73FFCB4F9CF
:10B840000C30002BF3D0626ED00704D4990502D4DB
:10B85000A06DFDF736FF28462146FFF75DFF636EBA
:10B86000DA070546E4D4A3899B05E1D4A06DFDF772
:10B8700029FFDDE770B50C46B1F90E10002996B02E
:10B8800015461E4604DB6A4600F0E4F900280DDA8E
:10B89000A38913F0800F4FF000020CBF4FF48061BA
:10B8A000402100203260296016B070BD019A02F478
:10B8B0007042A2F500535A425A414FF48061F0E7BA
:10B8C0008B8973B59E0705460C4607D504F14703DF
:10B8D000236023610123636102B070BD01AB6A463E
:10B8E000FFF7C8FF009E28463146FEF73BFDB4F93E
:10B8F0000C3038B99A05EFD423F0030343F0020368
:10B90000A381E3E743F08003A381019B2060C4E9A6
:10B910000406002BE0D0B4F90E10284600F0ACF974
:10B920000028D9D0A38923F0030343F00103A381A6
:10B93000D2E700008B8903F00903092B03D1034BE5
:10B940001868FFF76FBF0020704700BF2400002079
:10B9500070B505460C4618B1036A0BB9FDF7AEFB8E
:10B9600000236360B4F90C309E060FD4580743D40B
:10B97000D90604D409222A6043F040033AE01A07AA
:10B980000CD521462846FFF74DFF10B14FF0FF3090
:10B9900070BDA389A06023F00803A06143F00403F5
:10B9A000A38123691BB921462846FFF789FFB4F913
:10B9B0000C60B3070FD001231B4A1C491C48A3810C
:10B9C000FDF794FBA68106F00906092E03D1214656
:10B9D0002846FFF7A1FE2269666A6369216A226030
:10B9E0002846B0470028606018DCB4F90C3017D145
:10B9F00043F02003A381C9E7616B0029D1D004F192
:10BA00004403994202D02846FEF736FC00236363C4
:10BA1000236C6360002BC4D0E36B23600020B7E786
:10BA200000226260A8E700BF1800002035B90008B6
:10BA30002800002070B50B785E2B13BF0022012276
:10BA40004B784C1C08BF8C1C1646411E00F1FF05AC
:10BA500001F8016FA942FBD113B9621E104670BDF7
:10BA600082F00101C1542246144614F8015B2D2DC9
:10BA700005D05D2D18D0002DF0D02B46F2E755787B
:10BA80005D2D01D12D23EDE7AB42FBDC02321C46DC
:10BA90000134A5420155FBDCEC1A013CAB42A8BFC6
:10BAA000002401332344DFE72246D7E72DE9F041A4
:10BAB0000C46496B04F1440399421DD14FF4806157
:10BAC000FEF750FC18B94FF0FF30BDE8F0814FF49D
:10BAD0008063A36394F84630606380F8FF3394F882
:10BAE000453080F8FE3394F8443080F8FD3300F29E
:10BAF000FD3020600020E8E7A66B77003A4600F0B2
:10BB00001FF905460028DED000EB06080146324644
:10BB10004046FDF7E0FDC4E90D57C4F80080E9E7B1
:10BB200070B50D46691C0646144621D018B1036A4B
:10BB30000BB9FDF7C3FA636EDA0705D4A3899B0539
:10BB400002D4A06DFDF7BDFDB4F90C2022F0200356
:10BB50005007A38124D4D1060CD4636EDD0705D42D
:10BB600012F4007F02D1A06DFDF7ACFD4FF0FF3560
:10BB7000284670BD100710D521463046FFF752FE0B
:10BB800030B1636ED907F1D4A38913F4007FE9E7DC
:10BB9000A389A06023F00803A06143F00403A381FC
:10BBA000636B6268EDB2D3B1A36B934205DC2146AF
:10BBB0003046FFF77BFF0028E3D123685A1E22603E
:10BBC00003F8015C636801336360636EDA07CFD406
:10BBD000A3899B05CCD4A06DFDF774FDC8E7616E09
:10BBE0002069236801F0010160B198420AD213F87C
:10BBF000010CA84206D1013B01322360626000299A
:10BC0000B6D1E5E7C4E90F3204F1440363630323CB
:10BC1000A363234603F8465F236001236360EEE7D6
:10BC2000884210B501EB020407D8431EA1420AD096
:10BC300011F8012B03F8012FF8E784422346F4D9C9
:10BC40000244904200D110BD13F8011D02F8011DFD
:10BC5000F7E7000038B5074C0023054608461146B3
:10BC60002360FBF774FB431C02D1236803B12B60F4
:10BC700038BD00BF9C0B002038B5064C002305469C
:10BC800008462360FBF768FB431C02D1236803B11D
:10BC90002B6038BD9C0B002038B5064C00230546B0
:10BCA00008462360FBF7FCFA431C02D1236803B16A
:10BCB0002B6038BD9C0B00201FB51D46094B1B682F
:10BCC0000646D86852B1084C0091CDE901420749B7
:10BCD00033462A4600F05CF900F06CF9044C224629
:10BCE000F2E700BF24000020C6D20008D3D200082B
:10BCF00001D3000870B5A1FB026535B93146FEF7E6
:10BD000031FB044628B9204670BD0C230360002493
:10BD1000F9E732462946FDF743FCF4E782B001B962
:10BD200001A942B14BB113780B601278101E18BFF5
:10BD3000012002B070471046FBE76FF00100F8E702
:10BD40002DE9F041804615460C4621B9BDE8F04189
:10BD50001146FEF707BB2AB9FEF78EFA2C4620469D
:10BD6000BDE8F08100F02DF98542064602D8B5EB1A
:10BD7000500FF4D829464046FEF7F4FA074650B172
:10BD8000B5422A46214628BF3246FDF7A4FC21468B
:10BD90004046FEF771FA3C46E1E70000242B2DE90E
:10BDA000F047884601D8012B06D1FDF75FFC16232A
:10BDB00003600020BDE8F087344E0D46294615F893
:10BDC000014B375D17F00807F8D12D2C10D12C78D6
:10BDD00001278D1C33F0100115D1302C0DD129789D
:10BDE00001F0DF01582908D16C78023510230AE0F0
:10BDF0002B2C04BF2C788D1CECE7002BF6D1302CBB
:10BE000014BF0A23082307F1004E0EF1FF3E002164
:10BE1000BEFBF3F90E4603FB19EAA4F1300CBCF1AA
:10BE2000090F0CD86446A3421EDDB1F1FF3F03D0D9
:10BE3000B14512D24FF0FF3115F8014BEDE7A4F1F7
:10BE4000410CBCF1190F01D8373CECE7A4F1610CAF
:10BE5000BCF1190F08D8573CE5E701D1A245E9DB51
:10BE600006FB03460121E7E74B1C05D122230360B3
:10BE7000764632B930469DE707B17642002AF9D0BE
:10BE800009B105F1FF38C2F80080F3E701D40008DA
:10BE9000FFF784BF2DE9F043344F86460D46284610
:10BEA00015F8014B3E5D16F00806F8D12D2C10D187
:10BEB0002C780126851C33F0100015D1302C0DD1C3
:10BEC000287800F0DF00582808D16C78023510235C
:10BED0000AE02B2C04BF2C78851CECE7002BF6D154
:10BEE000302C14BF0A2308234FF0FF380027B8FB7B
:10BEF000F3F803FB08F96FEA09093846A4F1300C9E
:10BF0000BCF1090F0CD86446A3421EDDB7F1FF3F18
:10BF100003D0804512D24FF0FF3715F8014BEDE703
:10BF2000A4F1410CBCF1190F01D8373CECE7A4F1A6
:10BF3000610CBCF1190F08D8573CE5E701D1A145C8
:10BF4000E9DB00FB03400127E7E77B1C06D1222346
:10BF5000CEF80030384632B9BDE8F08306B1404231
:10BF6000002AF9D007B1691E1160F5E701D4000875
:10BF7000FFF790BF49B1FF2A85BF8A2303600A708B
:10BF80004FF0FF3098BF012070470846704700000F
:10BF90000EB403B5014603AB054853F8042B006803
:10BFA0000193FEF7ADFF02B05DF804EB03B07047FC
:10BFB0002400002008B5062000F034F80120FBF72B
:10BFC0009FF951F8043C181F002BBCBF0B58C01838
:10BFD00070471F2938B505460C4604D9162303605F
:10BFE0004FF0FF3038BDC26B12B152F821304BB95F
:10BFF000284600F031F8224601462846BDE8384080
:10C0000000F018B8012B01D10020EBE7591C03D137
:10C01000162303600120E5E7002142F824102046A2
:10C020009847F1E7024B01461868FFF7D2BF00BFFF
:10C030002400002038B5074C002305460846114669
:10C040002360FBF755F9431C02D1236803B12B6031
:10C0500038BD00BF9C0B0020FBF748B92DE9F04725
:10C06000089F154604468E461E46002B40F0D2809F
:10C070008A424DD9B2FA82FCBCF1000F02FA0CF3ED
:10C08000CCF1200E18BF1D4620FA0EFE01FA0CF36B
:10C090004EEA030E00FA0CF30CBF8E461C464FEA24
:10C0A0001548A8B2BEFBF8F1220C08FB11EE01FB0B
:10C0B00000F342EA0E42934206D9AA1801F1FF3E6C
:10C0C00001D293421ED87146D21AA4B2B2FBF8F341
:10C0D00008FB1322584344EA0244A04206D92C1913
:10C0E00003F1FF3201D2A0420FD81346241A43EACB
:10C0F000014027B124FA0CF400233C607B603146F8
:10C10000BDE8F08702392A44DEE7023B2C44EDE724
:10C11000002A71D0B2FA82F3DBB31E46C6F12003C7
:10C1200002FA06F521FA03F2B14020FA03F30B43B9
:10C130004FEA154E00FA06F41FFA85FCB2FBFEF03A
:10C140000EFB10211A0C00FB0CF842EA014290454C
:10C1500006D9AA1800F1FF3101D290454ED8084601
:10C16000A2EB08029BB2B2FBFEF10EFB112201FB17
:10C170000CFC43EA02439C4506D9EB1801F1FF325F
:10C1800001D29C453DD81146A3EB0C0341EA004186
:10C1900001E08B1A01214FEA154E1FFA85FCB3FB13
:10C1A000FEF0220C0EFB103300FB0CF842EA0342B7
:10C1B000904506D9AA1800F1FF3301D2904523D843
:10C1C0001846A2EB0802A4B2B2FBFEF30EFB132248
:10C1D00003FB0CFC44EA0244A44506D92C1903F1E4
:10C1E000FF3201D2A44512D81346A4EB0C0443EA53
:10C1F0000040B4460E467CE71F268FE702382A44EB
:10C20000AEE702392B44BFE702382A44D9E7023BA4
:10C210002C44EAE78B4205D90FB1C7E9000100269B
:10C2200030466CE7B3FA83FCBCF1000F0FD18B42B0
:10C2300001D3824209D8841A61EB030301209E4690
:10C240000FB1C7E9004E002659E76046F8E7CCF188
:10C25000200E03FA0CF322FA0EF521FA0EF41D4318
:10C2600001FA0CF320FA0EF119434FEA154900FACE
:10C270000CF61FFA85F8B4FBF9F009FB104A0C0C18
:10C2800000FB08F344EA0A44A34202FA0CF206D97E
:10C290002C1900F1FF3A01D2A34235D85046E41AD6
:10C2A00089B2B4FBF9F309FB134403FB08F841EA34
:10C2B0000441884506D9691803F1FF3401D2884545
:10C2C00025D8234643EA0040A1EB0801A0FB0298D1
:10C2D00041454C46434602D306D14E4504D2B9EB04
:10C2E000020468EB05030138002FACD0321B61EB70
:10C2F000030101FA0EFE22FA0CF34EEA030321FABF
:10C300000CF1C7E900319EE702382C44C7E7023B35
:10C310002944D7E7F8B500BFF8BC08BC9E46704773
:0CC32000F8B500BFF8BC08BC9E46704792
:10C33000B3D20008B6D20008B9D2000854656D70B7
:10C3400020256620697320677265617465722074A8
:10C3500068616E20373020462C20657865637574DF
:10C36000696E6720636F6F6C696E670D0A0000006D
:10C3700054656D70202566206973206C6573732089
:10C380007468616E206F7220657175616C20746FC6
:10C3900020373020462C206E6F20636F6F6C696EE3
:10C3A00067206E65656465640D0A0000544453009F
:10C3B0005048000043686F6F736520436F6D6D6177
:10C3C0006E6420746F20457865637574653A0D005E
:10C3D0000D0A2D2D204C6967687473202D2D0D00DA
:10C3E0003120202D205475726E206F6E2077686981
:10C3F0007465206C696768740D0000003220202D80
:10C40000205475726E206F666620776869746520A7
:10C410006C696768740D00003320202D20547572FC
:10C420006E206F6E20726564206C696768740D0001
:10C430003420202D205475726E206F666620726540
:10C4400064206C696768740D000000003520202DA1
:10C45000205475726E206F6E20626C7565206C6959
:10C460006768740D000000003620202D205475727E
:10C470006E206F666620626C7565206C69676874F3
:10C480000D0000000D0A2D2D2053656E736F722074
:10C4900052656164696E6773202D2D0D00000000E8
:10C4A0003130202D205265616420454320616E6447
:10C4B0002070480D000000003131202D20526561B0
:10C4C00064207761746572206C6576656C0D000080
:10C4D0003132202D205265616420656E636C6F736C
:10C4E0007572652074656D70657261747572650D25
:10C4F000000000003133202D2052656164207761F7
:10C500007465722074656D70657261747572650D05
:10C51000000000000D0A2D2D20506C616E74202D3E
:10C520002D0D00003134202D20526561642061639F
:10C530007469766520706C616E742070726F6669C4
:10C540006C650D003135202D2052656164207065C9
:10C550007273697374656420706C616E74206672A6
:10C560006F6D20466C6173680D0000003136202D20
:10C57000204C69737420706C616E742070726F66E9
:10C58000696C65730D0000003137202D2053656CF8
:10C5900065637420706C616E7420627920696E64CA
:10C5A000657820287468656E2073617665732074E1
:10C5B0006F20466C617368290D0000000D0A2D2D57
:10C5C0002046616E73202F20436F6F6C696E672069
:10C5D0002F2050756D7073202D2D0D003230202DC1
:10C5E000205475726E206F6E2066616E730D0000B0
:10C5F0003231202D205475726E206F666620666180
:10C600006E730D003232202D205475726E206F6EC5
:10C6100020636F6F6C65720D000000003233202DB7
:10C62000205475726E206F666620636F6F6C657242
:10C630000D0000003236202D205475726E206F6E72
:10C640002070482075702070756D700D000000001E
:10C650003237202D205475726E206F666620704828
:10C660002075702070756D700D0000003238202D1F
:10C67000205475726E206F6E20704820646F776E44
:10C680002070756D700D00003239202D20547572A8
:10C690006E206F666620704820646F776E2070751C
:10C6A0006D700D003330202D205475726E206F6E2A
:10C6B00020466C6F7261426C6F6F6D2070756D708B
:10C6C0000D0000003331202D205475726E206F66EE
:10C6D0006620466C6F7261426C6F6F6D2070756D75
:10C6E000700D00003332202D205475726E206F6E55
:10C6F00020466C6F72614D6963726F2070756D704A
:10C700000D0000003333202D205475726E206F66AB
:10C710006620466C6F72614D6963726F2070756D33
:10C72000700D00003334202D205475726E206F6E12
:10C7300020466C6F726147726F772070756D700D57
:10C74000000000003335202D205475726E206F6676
:10C750006620466C6F726147726F772070756D70DE
:10C760000D0000000D0A2D2D2044656D6F73202DE6
:10C770002D0D00003336202D2052756E206E7574FD
:10C780007269656E7420646F73696E672064656D8D
:10C790006F0D00003337202D2052756E2070482019
:10C7A00062616C616E63696E672064656D6F0D0018
:10C7B0003338202D2052756E20656E636C6F737553
:10C7C00072652074656D7065726174757265207232
:10C7D0006567756C6174696F6E2064656D6F0D00BF
:10C7E0003339202D2052756E207265736572766F15
:10C7F00069722074656D70657261747572652072FE
:10C800006567756C6174696F6E2064656D6F0D008E
:10C81000256400005768697465204C696768742056
:10C820004F6E0D005768697465204C696768742005
:10C830004F66660D00000000526564204C69676811
:10C8400074204F6E0D000000526564204C696768CB
:10C8500074204F66660D0000426C7565204C696758
:10C860006874204F6E0D0000426C7565204C69673E
:10C870006874204F66660D0045433A2025660D0A10
:10C8800070483A2025660D0A000000005761746563
:10C8900072204C6576656C3A20526566696C6C0D49
:10C8A000000000005761746572204C6576656C3A33
:10C8B00020476F6F640D0000456E636C6F73757277
:10C8C000652054656D703A2025660D0A0000000051
:10C8D00057617465722054656D703A2025660D0AA3
:10C8E000000000004E6F20706C616E742073656CE8
:10C8F00065637465640D0000506C616E743A2025A8
:10C90000730D0A0047726F777468206461793A206A
:10C91000256C75202F20256C750D0A0053746167F6
:10C92000653A2025730D0A0050686F746F70657248
:10C93000696F643A202575206D696E0D0A0000004C
:10C94000546172676574733A20656E636C20252E9E
:10C95000316620432C20776174657220252E316664
:10C9600020430D0A000000004C696768747320576B
:10C9700052424E3A2025752F25752F25752F257586
:10C980000D0A000047726F77436F6E74726F6C20F0
:10C9900073746174653A20256420206C696768743B
:10C9A000734F6E3A2025750D0A0000004E6F2076F9
:10C9B000616C696420706C616E74207265636F7263
:10C9C0006420696E20466C6173680D00466C61736B
:10C9D0006820706C616E7420696E6465783A2025F9
:10C9E0006C750D0A00000000466C61736820677268
:10C9F0006F77746820646179733A20256C750D0A2D
:10CA000000000000466C61736820706C616E7420D9
:10CA10006E616D653A2025730D0A0000466C6173E6
:10CA200068206475726174696F6E3A20256C752098
:10CA3000646179730D0A0000466C61736820737439
:10CA40006167653A2025730D0A000000466C61732A
:10CA50006820706C616E74206E616D653A20286983
:10CA60006E76616C696420696E646578290D0000DA
:10CA7000417661696C61626C6520706C616E747383
:10CA80003A0D00002020256C753A202573202825BA
:10CA90006C7520646179732C206C6967687420253B
:10CAA00075206D696E290D0A00000000456E7465E1
:10CAB0007220706C616E7420696E6465783A200033
:10CAC000496E76616C696420706C616E7420696E69
:10CAD0006465780D0000000053656C6563746564DF
:10CAE0003A202573202864617920256C752920E27D
:10CAF000809420736176656420746F20466C617346
:10CB0000680D0A0046616E73204F6E0D0000000034
:10CB100046616E73204F66660D000000436F6F6CB8
:10CB20006572204F6E0D0000436F6F6C6572204F71
:10CB300066660D0070482055702050756D70204F4E
:10CB40006E0D000070482055702050756D70204F9C
:10CB500066660D00704820446F776E2050756D70CA
:10CB6000204F6E0D00000000704820446F776E204B
:10CB700050756D70204F66660D000000466C6F7238
:10CB800061426C6F6F6D2050756D70204F6E0D009F
:10CB9000466C6F7261426C6F6F6D2050756D7020C6
:10CBA0004F66660D00000000466C6F72614D696350
:10CBB000726F2050756D70204F6E0D00466C6F7255
:10CBC000614D6963726F2050756D70204F66660D00
:10CBD00000000000466C6F726147726F77205075DD
:10CBE0006D70204F6E0D0000466C6F726147726F62
:10CBF000772050756D70204F66660D0052756E6E11
:10CC0000696E67206E75747269656E7420646F73E7
:10CC1000696E672064656D6F0D00000052756E6E61
:10CC2000696E672070482062616C616E63696E672F
:10CC30002064656D6F0D000052756E6E696E672021
:10CC4000656E636C6F737572652074656D70657267
:10CC5000617475726520726567756C6174696F6E59
:10CC60002064656D6F0D000052756E6E696E6720F1
:10CC70007265736572766F69722074656D70657226
:10CC8000617475726520726567756C6174696F6E29
:10CC90002064656D6F0D0000496E76616C696420DB
:10CCA000636F6D6D616E640D00000000556E6B6EFC
:10CCB0006F776E004561726C790000004C6174659D
:10CCC00000000000452E426C6F6F6D004D2E426CCF
:10CCD0006F6F6D0025730000757050756D700000EA
:10CCE000646F776E50756D700000000054616E6B5C
:10CCF0003A20252E32662067616C207C20557020FA
:10CD0000737465703A20252E3266206D4C207C208D
:10CD1000446F776E20737465703A20252E3266203A
:10CD20006D4C0D0A0000000070483A20252E326636
:10CD300020204275737928552F44293A2025642FE5
:10CD400025640D0A000000007048206C6F772E20CB
:10CD5000446F73696E672055503A20252E32662045
:10CD60006D4C0D0A00000000704820686967683A41
:10CD700020252E326620446F73696E6720444F571A
:10CD80004E3A20252E3266206D4C0D0A0000000020
:10CD900070482077697468696E2072616E67652ECD
:10CDA0000D000000446F736572206F722070756D06
:10CDB00070206E756C6C0D00566F6C756D65206C17
:10CDC000657373207468616E20300D00446F736565
:10CDD00072206163746976650D000000544453202D
:10CDE00053656E736F720000466C6F72614D6963BC
:10CDF000726F0000466C6F726147726F77000000BF
:10CE0000466C6F7261426C6F6F6D0000537461729B
:10CE100074696E67204D6963726F20646F73652E4D
:10CE20002E2E0D004261636B20696E2069646C6573
:10CE30000D0000005374617465204368616E67657E
:10CE40000D0000005374617465204D4943524F0D2D
:10CE5000000000004D6963726F20636F6D706C6538
:10CE600074652E205374617274696E672047726F07
:10CE7000772E2E2E0D00000047726F7720636F6DA6
:10CE8000706C6574652E205374617274696E6720CE
:10CE9000426C6F6F6D2E2E2E0D000000426C6F6F76
:10CEA0006D20636F6D706C6574652E2052656164D2
:10CEB000696E67205444532E2E2E0D0046696E6114
:10CEC0006C205444533A20252E32660D0A0000008F
:10CED0005265736572766F6972206E7574726965DA
:10CEE0006E742062616C616E63696E6720636F6D42
:10CEF000706C6574652E0D0001000200004000009A
:10CF000000040258001002580004025801000200F8
:10CF10000400060008000A000C0010002000400079
:10CF2000800000010000000001020304010203046C
:10CF300006070809477265656E204F6E696F6E00BF
:10CF400000000000000000000000000000000000E1
:10CF5000000000000000A8410000984123000000EC
:10CF60004803410012000C1708000C000A1A0800C0
:10CF70000500081C0A0000000000000050617273E8
:10CF80006C65790000000000000000000000000057
:10CF90000000000000000000000000000000A841A8
:10CFA0000000A0413C000000C00346001C000C171C
:10CFB0000C0014000A1A0C000800081E0D000400E2
:10CFC00006210F0043696C616E74726F00000000EF
:10CFD0000000000000000000000000000000000051
:10CFE000000000000000A041000098412300000064
:10CFF000480341000E00101605000C000D19050035
:10D0000005000A1C07000400081E0A004B616C653D
:10D010000000000000000000000000000000000010
:10D020000000000000000000000000000000A0411F
:10D030000000984137000000C003460019000D1998
:10D040000A0012000B1C0A00080009200C00040052
:10D0500007230E005370696E6163680000000000D2
:10D0600000000000000000000000000000000000C0
:10D0700000000000000098410000904128000000DE
:10D080004803410014000F1905000E000C1C050098
:10D090000600081E070000000000000042617369DE
:10D0A0006C00000000000000000000000000000014
:10D0B0000000000000000000000000000000C0416F
:10D0C0000000B04123000000C0034B000E000E1A08
:10D0D0000A000C000C1C0A0005000A200C000400C9
:10D0E00008230F004C657474756365000000000030
:10D0F0000000000000000000000000000000000030
:10D10000000000000000A84100009841230000003A
:10D11000C003410012000C1908000C000A1C080092
:10D12000050008200A000000000000004172756739
:10D13000756C6100000000000000000000000000AD
:10D140000000000000000000000000000000B041EE
:10D150000000A0411C000000C00346000E000F1993
:10D1600005000A000C1C050004000820080000004F
:10D1700000000000B4CC0008BCCC0008C4CC0008FF
:10D18000CCCC00082CD10008E4D000089CD00008CA
:10D1900054D000080CD00008C4CF00087CCF000891
:10D1A00034CF0008494E4600696E66004E414E007D
:10D1B0006E616E00303132333435363738394142A2
:10D1C00043444546003031323334353637383961DF
:10D1D000626364656600496E66696E697479004EC3
:10D1E000614E005245454E54206D616C6C6F63205A
:10D1F000737563636565646564002E2E2F2E2E2F74
:10D200002E2E2F2E2E2F2E2E2F2E2E2F6E65776C3C
:10D2100069622D342E362E302E3230323630313295
:10D22000332F6E65776C69622F6C6962632F73743C
:10D23000646C69622F64746F612E630042616C6C70
:10D240006F6320737563636565646564002E2E2FBC
:10D250002E2E2F2E2E2F2E2E2F2E2E2F2E2E2F6EA9
:10D2600065776C69622D342E362E302E3230323690
:10D27000303132332F6E65776C69622F6C6962636F
:10D280002F7374646C69622F6D707265632E630016
:10D29000232D302B2000686C4C006566674546479F
:10D2A00000412D46612D6638393031323334353600
:10D2B000375D002B2D003030007858004300504F70
:10D2C000534958002E002C2066756E6374696F6E8A
:10D2D0003A2000617373657274696F6E2022257342
:10D2E00022206661696C65643A2066696C6520225B
:10D2F0002573222C206C696E6520256425732573A7
:10D300000A00000005000000190000007D00000078
:10D310000080E03779C34143176E05B5B5B8934631
:10D32000F5F93FE9034F384D321D30F94877825AFD
:10D330003CBF737FDD4F1575000000000000F03F1B
:10D3400000000000000024400000000000005940E0
:10D350000000000000408F40000000000088C34033
:10D3600000000000006AF8400000000080842E41A8
:10D3700000000000D01263410000000084D79741F4
:10D380000000000065CDCD41000000205FA00242FA
:10D39000000000E876483742000000A2941A6D426F
:10D3A000000040E59C30A2420000901EC4BCD64262
:10D3B00000003426F56B0C430080E03779C341430D
:10D3C00000A0D8855734764300C84E676DC1AB4383
:10D3D000003D9160E458E143408CB5781DAF1544A1
:10D3E00050EFE2D6E41A4B4492D54D06CFF080447C
:10D3F000F64AE1C7022DB544B49DD9794378EA4491
:10D400000020202020202020202028282828282014
:10D41000202020202020202020202020202020200C
:10D420002088101010101010101010101010101074
:10D430001004040404040404040404101010101064
:10D44000101041414141414101010101010101012E
:10D450000101010101010101010101011010101080
:10D460001010424242424242020202020202020200
:10D470000202020202020202020202021010101054
:10D48000200000000000000000000000000000007C
:10D49000000000000000000000000000000000008C
:10D4A000000000000000000000000000000000007C
:10D4B000000000000000000000000000000000006C
:10D4C000000000000000000000000000000000005C
:10D4D000000000000000000000000000000000004C
:10D4E000000000000000000000000000000000003C
:10D4F000000000000000000000000000000000002C
:04D500000000000027
:08D504009C2DFF7F01000000D7
:04D50C00A903000867
:04D510008503000887
:10D514000048004001000000100000000090D0030B
:10D524000090D00301000000000000000300000090
:10D53400600A00202800002000000000600A00208B
:10D54400C80A0020300B002000000000000000008A
:10D5540000000000000000000000000000000000C7
:10D5640000000000000000000000000000000000B7
:10D5740000000000000000000000000000000000A7
:10D584000000000043000000000000000000000054
:10D594000000000000000000000000000000000087
:10D5A4000000000043000000000000000000000034
:10D5B4000000000000000000000000000000000067
:10D5C4000000000043000000000000000000000014
:10D5D4000000000000000000000000000000000047
:10D5E40000000000430000000000000000000000F4
:10D5F4000000000000000000000000000000000027
:10D6040000000000430000000000000000000000D3
:10D614000000000000000000000000000000000006
:10D6240000000000430000000000000000000000B3
:10D6340000000000000000000000000000000000E6
:10D644000000000043000000000000000000000093
:10D6540000000000000000000000000000000000C6
:10D664000000000075BF00081DBD00080000000098
:10D6740000D40008C4D2000801D3000801D3000874
:10D6840001D3000801D3000801D3000801D3000826
:10D6940001D3000801D3000801D30008FFFFFFFFF6
:10D6A400FFFFFFFFFFFFFFFFFFFF000001004153EB
:10D6B4004349490000000000000000000000000091
:10D6C40000000000000000000000000000004153C2
:10D6D4004349490000000000000000000000000071
:10D6E4000000000000000000000000000000000036
:04000005080086E584
:00000001FF
